video_id,channel_id,channel_title,niche,title,view_count,like_count,comment_count,duration_seconds,engagement_rate,day_of_week,hour_of_day,age_days,view_velocity,duration_category,channel_median_views,performance_ratio,performance_label,title_length,word_count,has_number,has_dollar,has_rupee,has_question,has_exclamation,has_vs,has_challenge,has_hours,has_last,has_win,has_free,has_extreme,has_best,has_worst,has_every,has_first,has_only,has_never,has_days,has_review,has_how,has_why,has_what,duration_encoded
2acc7oyXIZI,17,Kurzgesagt – In a Nutshell,education,Let’s Steal a New Moon,456593,23741,465,71,5.301439137262289,2,14,29,15744.586206896553,short,4549562.5,0.10035975986702018,High,22,5,0,0,0,0,0,0,0,0,0,0,0,0,0,0,0,0,0,0,0,0,0,0,0,0
xfyKqOmr7Wk,17,Kurzgesagt – In a Nutshell,education,Your Brain Peaked at Birth,688148,35565,565,73,5.250324058196783,3,14,35,19661.371428571427,short,4549562.5,0.15125586251425274,High,26,5,0,0,0,0,0,0,0,0,0,0,0,0,0,0,0,0,0,0,0,0,0,0,0,0
EIJhxr2wl64,17,Kurzgesagt – In a Nutshell,education,The Deadliest Year of Your Life,792932,39221,906,75,5.06058527086812,0,14,38,20866.63157894737,short,4549562.5,0.17428752764688912,Viral,31,6,0,0,0,0,0,0,0,0,0,0,0,0,0,0,0,0,0,0,0,0,0,0,0,0
8qQW4LTWgtc,17,Kurzgesagt – In a Nutshell,education,Why Earth Sucks Compared to the Planet Hestia,4976047,167358,11809,893,3.600588981575134,1,14,44,113091.97727272728,long,4549562.5,1.0937418707842788,Viral,45,8,0,0,0,0,0,0,0,0,0,0,0,0,0,0,0,0,0,0,0,0,0,1,0,2
TYhNHX372ek,17,Kurzgesagt – In a Nutshell,education,The Uncomfortable Truth About Ozempic (Updated Version),4026602,127018,7603,953,3.3432904468830045,1,14,51,78952.98039215687,long,4549562.5,0.8850525737364856,Viral,55,7,0,0,0,0,0,0,0,0,0,0,0,0,0,0,0,0,0,0,0,0,0,0,0,2
DfB2qYJqAkA,17,Kurzgesagt – In a Nutshell,education,Where Did the Antimatter Go?,709295,33097,784,76,4.776714907055597,0,14,52,13640.288461538461,short,4549562.5,0.15590400175841085,High,28,5,0,0,0,1,0,0,0,0,0,0,0,0,0,0,0,0,0,0,0,0,0,0,0,0
6Dj5ufzrZ78,17,Kurzgesagt – In a Nutshell,education,Could Humans Evolve Flight?,1874367,81294,1316,73,4.407354589576108,3,14,56,33470.83928571428,short,4549562.5,0.41198840547854876,Viral,27,4,0,0,0,1,0,0,0,0,0,0,0,0,0,0,0,0,0,0,0,0,0,0,0,0
dl4Dw-RlPv4,17,Kurzgesagt – In a Nutshell,education,Why Malaria is Winning (For Now),523477,28351,423,68,5.496707591737555,0,14,59,8872.49152542373,short,4549562.5,0.11506095366312695,Medium,32,6,0,0,0,0,0,0,0,0,0,1,0,0,0,0,0,0,0,0,0,0,0,1,0,0
MK36lyttVLU,17,Kurzgesagt – In a Nutshell,education,This Parasite Suffocates You,703601,34962,647,78,5.060964950305642,4,14,62,11348.40322580645,short,4549562.5,0.15465245284574067,Medium,28,4,0,0,0,0,0,0,0,0,0,0,0,0,0,0,0,0,0,0,0,0,0,0,0,0
n-gYFcVx-8Y,17,Kurzgesagt – In a Nutshell,education,GERMANY IS OVER,4451499,210921,32173,845,5.460946975389638,1,14,65,68484.6,long,4549562.5,0.9784455098704545,Viral,15,3,0,0,0,0,0,0,0,0,0,0,0,0,0,0,0,0,0,0,0,0,0,0,0,2
RniYUmKs93U,17,Kurzgesagt – In a Nutshell,education,Pigeons Are GPS Drones,574868,29550,518,67,5.230418113375592,3,14,70,8212.4,short,4549562.5,0.12635676507356478,Medium,22,4,0,0,0,0,0,0,0,0,0,0,0,0,0,0,0,0,0,0,0,0,0,0,0,0
z7Qp9Q_Br88,17,Kurzgesagt – In a Nutshell,education,Laughing Gas Is Not So Funny,1048228,52186,1125,75,5.085821023670423,0,14,73,14359.287671232876,short,4549562.5,0.23040193425191982,High,28,6,0,0,0,0,0,0,0,0,0,0,0,0,0,0,0,0,0,0,0,0,0,0,0,0
FZbMPtLRr00,17,Kurzgesagt – In a Nutshell,education,Fast-Forward Your Life,690899,24994,933,65,3.7526469136588707,3,14,77,8972.714285714286,short,4549562.5,0.15186053604055336,Medium,22,3,0,0,0,0,0,0,0,0,0,0,0,0,0,0,0,0,0,0,0,0,0,0,0,0
dl0-TveDDGA,17,Kurzgesagt – In a Nutshell,education,Our Minds Are Weirder than You Think,2392037,104908,3695,742,4.540188968648897,1,14,79,30278.949367088608,long,4549562.5,0.5257729726759441,Viral,36,7,0,0,0,0,0,0,0,0,0,0,0,0,0,0,0,0,0,0,0,0,0,0,0,2
VYhUa3WC4nU,17,Kurzgesagt – In a Nutshell,education,Why Being Poor Is Expensive,2143182,133985,3558,73,6.417700409951185,3,14,84,25514.071428571428,short,4549562.5,0.4710743065954144,Viral,27,5,0,0,0,0,0,0,0,0,0,0,0,0,0,0,0,0,0,0,0,0,0,1,0,0
lRvN5SJR2LQ,17,Kurzgesagt – In a Nutshell,education,How Caffeine Works,991430,47146,912,72,4.847341718527783,0,14,87,11395.747126436781,short,4549562.5,0.21791765691756076,Medium,18,3,0,0,0,0,0,0,0,0,0,0,0,0,0,0,0,0,0,0,0,0,1,0,0,0
onFj_RD75nA,17,Kurzgesagt – In a Nutshell,education,The World’s Deadliest Diseases,835256,40287,848,72,4.924837415115844,3,14,91,9178.637362637362,short,4549562.5,0.18359040017584108,Medium,30,4,0,0,0,0,0,0,0,0,0,0,0,0,0,0,0,0,0,0,0,0,0,0,0,0
h3DCdWyb0cc,17,Kurzgesagt – In a Nutshell,education,The Most Insane Megaproject You Never Heard About,3158135,113368,5036,786,3.749174750287749,0,14,101,31268.663366336634,long,4549562.5,0.6941623507754866,Viral,49,8,0,0,0,0,0,0,0,0,0,0,0,0,0,0,0,0,0,1,0,0,0,0,0,2
MX_r0KsMpho,17,Kurzgesagt – In a Nutshell,education,Spaceships Powered by Nukes,1248659,52093,938,69,4.247036220457306,0,15,108,11561.657407407407,short,4549562.5,0.2744569395408899,Medium,27,4,0,0,0,0,0,0,0,0,0,0,0,0,0,0,0,0,0,0,0,0,0,0,0,0
NXhKuMQRAZ4,17,Kurzgesagt – In a Nutshell,education,Queen Ant Clones Another Species,650830,32586,509,70,5.0850452499116505,0,15,115,5659.391304347826,short,4549562.5,0.1430533155660572,Low,32,5,0,0,0,0,0,0,0,0,0,0,0,0,0,0,0,0,0,0,0,0,0,0,0,0
yDAAlojz8NU,17,Kurzgesagt – In a Nutshell,education,This Is the Scariest Place in The Universe,7220062,255621,9834,554,3.676630477688419,1,15,121,59669.93388429752,medium,4549562.5,1.5869794073605978,Viral,42,8,0,0,0,0,0,0,0,0,0,0,0,0,0,0,0,0,0,0,0,0,0,0,0,1
iZ9ImJQy9V4,17,Kurzgesagt – In a Nutshell,education,The Injection That Stops HIV,972242,48658,818,66,5.088856478119645,0,15,122,7969.196721311476,short,4549562.5,0.21370010852691879,Medium,28,5,0,0,0,0,0,0,0,0,0,0,0,0,0,0,0,0,0,0,0,0,0,0,0,0
5Xd38M9zTjM,17,Kurzgesagt – In a Nutshell,education,Let’s Tie All Planets Together,2478792,58136,913,59,2.3821684110647445,5,15,124,19990.25806451613,short,4549562.5,0.544841839187834,High,30,5,0,0,0,0,0,0,0,0,0,0,0,0,0,0,0,0,0,0,0,0,0,0,0,0
YHlqwkdVda8,17,Kurzgesagt – In a Nutshell,education,Who Owns Your Drinking Water?,1911241,84914,1655,74,4.52946541017067,3,15,126,15168.579365079366,short,4549562.5,0.42009336062533487,High,29,5,0,0,0,1,0,0,0,0,0,0,0,0,0,0,0,0,0,0,0,0,0,0,0,0
MP4RUzRnobg,17,Kurzgesagt – In a Nutshell,education,This Parasite Won’t Die,986473,44098,734,69,4.544675829951758,3,15,133,7417.090225563909,short,4549562.5,0.21682810160317614,Medium,23,4,0,0,0,0,0,0,0,0,0,0,0,0,0,0,0,0,0,0,0,0,0,0,0,0
OU36JDGzXb0,17,Kurzgesagt – In a Nutshell,education,Planets Around Black Holes,2433351,98489,1575,76,4.1121893224610835,3,15,175,13904.862857142858,short,4549562.5,0.5348538458368249,High,26,4,0,0,0,0,0,0,0,0,0,0,0,0,0,0,0,0,0,0,0,0,0,0,0,0
KTu2V65Iiho,17,Kurzgesagt – In a Nutshell,education,Why Does Cocaine Feel So Good?,3316509,215000,3460,72,6.587046801320303,3,15,140,23689.35,short,4549562.5,0.7289731704971631,Viral,30,6,0,0,0,1,0,0,0,0,0,0,0,0,0,0,0,0,0,0,0,0,0,1,0,0
qPSxUkssPmc,17,Kurzgesagt – In a Nutshell,education,Why Is Polio Back?,1541734,79158,2145,76,5.27347778540267,0,15,143,10781.356643356643,short,4549562.5,0.3388752215185526,Medium,18,4,0,0,0,1,0,0,0,0,0,0,0,0,0,0,0,0,0,0,0,0,0,1,0,0
5EPPBDdhe6o,17,Kurzgesagt – In a Nutshell,education,The Worm with 4 Nobel Prizes,1506447,78466,943,66,5.271277383140595,5,15,145,10389.289655172413,short,4549562.5,0.33111909112139903,Medium,28,6,1,0,0,0,0,0,0,0,0,0,0,0,0,0,0,0,0,0,0,0,0,0,0,0
dwZgy7SNMRc,17,Kurzgesagt – In a Nutshell,education,The Virus We Almost Beat,2555129,119780,2872,79,4.800227307505804,2,15,148,17264.385135135137,short,4549562.5,0.5616208151882736,High,24,5,0,0,0,0,0,0,0,0,0,0,0,0,0,0,0,0,0,0,0,0,0,0,0,0
hDU9WcmQA2E,17,Kurzgesagt – In a Nutshell,education,Let’s Cook a Planet!,3196101,164294,3866,71,5.261410700099903,0,15,178,17955.623595505618,short,4549562.5,0.702507329001415,High,20,4,0,0,0,0,1,0,0,0,0,0,0,0,0,0,0,0,0,0,0,0,0,0,0,0
mWN2IefeJow,17,Kurzgesagt – In a Nutshell,education,The Lake That Killed a Village,1066914,49378,696,75,4.693349229647375,0,15,150,7112.76,short,4549562.5,0.23450914236258982,Medium,30,6,0,0,0,0,0,0,0,0,0,0,0,0,0,0,0,0,0,0,0,0,0,0,0,0
bRkxPsuVEeU,17,Kurzgesagt – In a Nutshell,education,Zombie Proteins in Your Brain!,910102,43118,672,72,4.811548595651916,3,17,161,5652.807453416149,short,4549562.5,0.20004165235668264,Low,30,5,0,0,0,0,1,0,0,0,0,0,0,0,0,0,0,0,0,0,0,0,0,0,0,0
zg40FHOAqC0,17,Kurzgesagt – In a Nutshell,education,Jupiter Made Earth Possible,2132544,90430,1758,72,4.32291197743165,3,15,168,12693.714285714286,short,4549562.5,0.46873605978596844,High,27,4,0,0,0,0,0,0,0,0,0,0,0,0,0,0,0,0,0,0,0,0,0,0,0,0
D0WQK7cMJn8,17,Kurzgesagt – In a Nutshell,education,We Made A New Channel!,2120785,86504,2559,183,4.199529891054492,4,15,174,12188.419540229885,medium,4549562.5,0.466151415658099,High,22,5,0,0,0,0,1,0,0,0,0,0,0,0,0,0,0,0,0,0,0,0,0,0,0,1
Mo1A45ShcMo,17,Kurzgesagt – In a Nutshell,education,You're More Stressed Than Ever - Let's Change That,4775587,248784,8072,718,5.378522053938081,1,15,240,19898.279166666667,long,4549562.5,1.0496804912560274,High,50,9,0,0,0,0,0,0,0,0,0,0,0,0,0,0,0,0,0,0,0,0,0,0,0,2
sravy3Vjdlw,17,Kurzgesagt – In a Nutshell,education,Nature’s Ultimate Impostor,1387379,72734,975,81,5.312823676875604,3,15,182,7622.961538461538,short,4549562.5,0.30494778344071544,Medium,26,3,0,0,0,0,0,0,0,0,0,0,0,0,0,0,0,0,0,0,0,0,0,0,0,0
pHJIhxZEoxg,17,Kurzgesagt – In a Nutshell,education,Why Are There No Holes Around Trees?,4227294,167601,4765,681,4.077454750012656,2,15,183,23099.967213114753,long,4549562.5,0.929164947178987,Viral,36,7,0,0,0,1,0,0,0,0,0,0,0,0,0,0,0,0,0,0,0,0,0,1,0,2
UnrtLi7YIY4,17,Kurzgesagt – In a Nutshell,education,We Made A New Journal,300856,9287,475,77,3.2447416704336955,1,15,191,1575.1623036649214,short,4549562.5,0.0661285563172283,Low,21,5,0,0,0,0,0,0,0,0,0,0,0,0,0,0,0,0,0,0,0,0,0,0,0,0
UC5Mpc-GQCg,17,Kurzgesagt – In a Nutshell,education,The Moon’s Invisible Threat,4339182,190120,2230,85,4.432863152548107,3,15,203,21375.28078817734,short,4549562.5,0.953758081134175,Viral,27,4,0,0,0,0,0,0,0,0,0,0,0,0,0,0,0,0,0,0,0,0,0,0,0,0
H4KMQuyxH_Y,17,Kurzgesagt – In a Nutshell,education,Tattoo Removal Is Insane,3674568,115884,5874,774,3.313532366253666,4,15,209,17581.665071770334,long,4549562.5,0.8076750236973336,High,24,4,0,0,0,0,0,0,0,0,0,0,0,0,0,0,0,0,0,0,0,0,0,0,0,2
1bQsvHqSfpU,17,Kurzgesagt – In a Nutshell,education,How to Destroy a Black Hole,1802199,105732,2032,148,5.979583830642454,3,15,210,8581.9,medium,4549562.5,0.39612578132512744,Medium,27,6,0,0,0,0,0,0,0,0,0,0,0,0,0,0,0,0,0,0,0,0,1,0,0,1
KNwMiydCYA4,17,Kurzgesagt – In a Nutshell,education,All Of Human History In One Hour,3315844,113005,5986,3600,3.5885584484674187,4,15,216,15351.12962962963,very_long,4549562.5,0.7288270025964035,High,32,7,0,0,0,0,0,0,0,1,0,0,0,0,0,0,0,0,0,0,0,0,0,0,0,3
T6tCY6SOSXo,17,Kurzgesagt – In a Nutshell,education,Does Legalizing Drugs Help?,2615550,192028,2617,90,7.441838236699738,3,15,217,12053.225806451614,short,4549562.5,0.5749014328300798,High,27,4,0,0,0,1,0,0,0,0,0,0,0,0,0,0,0,0,0,0,0,0,0,0,0,0
zozEm4f_dlw,17,Kurzgesagt – In a Nutshell,education,Astronomy Is In Crisis...And It's Incredibly Exciting,5124719,222061,13956,688,4.6054622702239865,1,15,219,23400.543378995433,long,4549562.5,1.1264201777643454,Viral,53,7,0,0,0,0,0,0,0,0,0,0,0,0,0,0,0,0,0,0,0,0,0,0,0,2
omNvSHfIv7s,17,Kurzgesagt – In a Nutshell,education,Will Fungi Infect Us All?,2346260,97971,1535,56,4.241047454246333,3,15,224,10474.375,short,4549562.5,0.5157111260698144,Medium,25,5,0,0,0,1,0,0,0,0,0,0,0,0,0,0,0,0,0,0,0,0,0,0,0,0
ZSch_NgZpQs,17,Kurzgesagt – In a Nutshell,education,Trees Are So Weird,6302102,250285,7206,687,4.085795501247044,1,15,226,27885.40707964602,long,4549562.5,1.3852105559600512,Viral,18,4,0,0,0,0,0,0,0,0,0,0,0,0,0,0,0,0,0,0,0,0,0,0,0,2
fAkMppZZiSI,17,Kurzgesagt – In a Nutshell,education,How Big Is a Human Cube?,1187238,43681,618,55,3.731265340226644,3,15,231,5139.558441558442,short,4549562.5,0.26095652054455787,Low,24,6,0,0,0,1,0,0,0,0,0,0,0,0,0,0,0,0,0,0,0,0,1,0,0,0
sOsqXKr4l30,17,Kurzgesagt – In a Nutshell,education,The Fat Problem,4210468,178427,6841,696,4.400175942436803,1,15,233,18070.678111587982,long,4549562.5,0.9254665695877351,High,15,3,0,0,0,0,0,0,0,0,0,0,0,0,0,0,0,0,0,0,0,0,0,0,0,2
OxOx6--oN8I,17,Kurzgesagt – In a Nutshell,education,The Most Dangerous Animal,1699059,65302,1910,61,3.9558367308021674,3,15,238,7138.903361344538,short,4549562.5,0.3734554696193315,Medium,25,4,0,0,0,0,0,0,0,0,0,0,0,0,0,0,0,0,0,0,0,0,0,0,0,0
nDKHvoo4f-8,17,Kurzgesagt – In a Nutshell,education,You Are Everyone,1633211,110031,2953,96,6.917905892135187,3,15,245,6666.167346938775,short,4549562.5,0.35898199002651354,Medium,16,3,0,0,0,0,0,0,0,0,0,0,0,0,0,0,1,0,0,0,0,0,0,0,0,0
Brm71uCWr-I,17,Kurzgesagt – In a Nutshell,education,You Need To Quit Weed.,4219816,192298,29771,762,5.262528034397708,1,16,247,17084.275303643724,long,4549562.5,0.9275212726498427,High,22,5,0,0,0,0,0,0,0,0,0,0,0,0,0,0,0,0,0,0,0,0,0,0,0,2
pt0iG95Fsmc,17,Kurzgesagt – In a Nutshell,education,Let’s Cause a Country-Wide Blackout!,933809,49475,1052,73,5.410849542036969,3,14,252,3705.59126984127,short,4549562.5,0.20525248306842692,Low,36,5,0,0,0,0,1,0,0,0,0,0,0,0,0,0,0,0,0,0,0,0,0,0,0,0
Ghy3qRR6kiw,17,Kurzgesagt – In a Nutshell,education,Touchscreens – How Do They Work?,1464528,66164,636,51,4.561196508363103,3,14,259,5654.548262548263,short,4549562.5,0.32190523814103006,Low,32,6,0,0,0,1,0,0,0,0,0,0,0,0,0,0,0,0,0,0,0,0,0,0,0,0
cE0zgN6pYOc,17,Kurzgesagt – In a Nutshell,education,"Dig Deep, Power a City",1620816,70165,1225,71,4.4045715244666885,3,14,266,6093.293233082707,short,4549562.5,0.35625755223716565,Low,22,5,0,0,0,0,0,0,0,0,0,0,0,0,0,0,0,0,0,0,0,0,0,0,0,0
kYOkrswU1KE,17,Kurzgesagt – In a Nutshell,education,Panic Attacks Explained in 60 Seconds,1192953,64070,1078,61,5.461070134364053,3,14,420,2840.364285714286,short,4549562.5,0.2622126852856731,Low,37,6,1,0,0,0,0,0,0,0,0,0,0,0,0,0,0,0,0,0,0,0,0,0,0,0
tRXy-b6_lBc,17,Kurzgesagt – In a Nutshell,education,What If It Rains Bananas For A Single Day? (Spoiler: It's Bad),5367588,160239,10829,676,3.1870553403130044,1,14,429,12511.86013986014,long,4549562.5,1.1798031129366835,High,62,12,0,0,0,1,0,0,0,0,0,0,0,0,0,0,0,0,0,0,1,0,0,0,1,2
ty0WVFjOkok,17,Kurzgesagt – In a Nutshell,education,What If Earth Suddenly Turned Into Gold?,2126947,84725,956,93,4.02835613675376,3,14,273,7791.014652014652,short,4549562.5,0.4675058316046873,Medium,40,7,0,0,0,1,0,0,0,0,0,0,0,0,0,0,0,0,0,0,0,0,0,0,1,0
_zfN9wnPvU0,17,Kurzgesagt – In a Nutshell,education,AI Slop Is Destroying The Internet,10238777,784877,38284,592,8.039641843942885,1,14,275,37231.91636363637,medium,4549562.5,2.250497053288091,Viral,34,6,0,0,0,0,0,0,0,0,0,0,0,0,0,0,0,0,0,0,0,0,0,0,0,1
mxG0ts7qmq0,17,Kurzgesagt – In a Nutshell,education,How to Bottle a Star,1215074,55366,801,67,4.6225168179057405,3,14,280,4339.55,short,4549562.5,0.26707491104913933,Low,20,5,0,0,0,0,0,0,0,0,0,0,0,0,0,0,0,0,0,0,0,0,1,0,0,0
VMm-U2pHrXE,17,Kurzgesagt – In a Nutshell,education,We Found a Loophole to Survive the End of the Universe,3982427,148187,8847,762,3.9431733463036487,1,14,282,14122.081560283688,long,4549562.5,0.8753428489003063,High,54,11,0,0,0,0,0,0,0,0,0,0,0,0,0,0,0,0,0,0,0,0,0,0,0,2
V7wlYQ2_Q8o,17,Kurzgesagt – In a Nutshell,education,This Is the Deadliest Virus on Earth,2332735,96663,1291,53,4.199105342012702,3,14,287,8127.996515679442,short,4549562.5,0.5127383127498524,Medium,36,7,0,0,0,0,0,0,0,0,0,0,0,0,0,0,0,0,0,0,0,0,0,0,0,0
Zpq1GbPqhy4,17,Kurzgesagt – In a Nutshell,education,Pregnancy is Insane,3157606,140380,10974,796,4.7933149354289295,1,14,289,10925.9723183391,long,4549562.5,0.6940460758589425,Medium,19,3,0,0,0,0,0,0,0,0,0,0,0,0,0,0,0,0,0,0,0,0,0,0,0,2
ByD__-ECSeI,17,Kurzgesagt – In a Nutshell,education,Can We Run on Renewables?,607916,29145,1077,68,4.97141052382237,3,14,294,2067.7414965986395,short,4549562.5,0.13362076023793495,Low,25,5,0,0,0,1,0,0,0,0,0,0,0,0,0,0,0,0,0,0,0,0,0,0,0,0
9zCH37330f8,17,Kurzgesagt – In a Nutshell,education,The Real Reason Why You Have Allergies,7752456,212816,7630,750,2.8435633817205797,3,15,574,13506.020905923346,long,4549562.5,1.7040003297020319,High,38,7,0,0,0,0,0,0,0,0,0,0,0,0,0,0,0,0,0,0,0,0,0,0,0,2
dKm7T13X7n4,17,Kurzgesagt – In a Nutshell,education,Can Humanity Stop A Planet-Killing Asteroid?,7569388,177467,8608,764,2.458256863038333,1,14,296,25572.256756756757,long,4549562.5,1.663761735331694,Viral,44,6,0,0,0,1,0,0,0,0,0,0,0,0,0,0,0,0,0,0,0,0,0,0,0,2
XFODuRPv8Yw,17,Kurzgesagt – In a Nutshell,education,Our PC Game Is Finally Here!,721056,43846,1323,68,6.264284604801847,2,15,302,2387.6026490066224,short,4549562.5,0.15848908548898932,Low,28,6,0,0,0,0,1,0,0,0,0,0,0,0,0,0,0,0,0,0,0,0,0,0,0,0
XunabxHzMuM,17,Kurzgesagt – In a Nutshell,education,This Game Took Us Two Years To Make,681627,33407,1754,69,5.158393080086323,2,15,302,2257.043046357616,short,4549562.5,0.1498225378813897,Low,35,8,0,0,0,0,0,0,0,0,0,0,0,0,0,0,0,0,0,0,0,0,0,0,0,0
K1J9LNElrso,17,Kurzgesagt – In a Nutshell,education,What If a Massive Solar Storm Hits Earth?,2238148,83614,993,56,3.7802236491956744,3,14,308,7266.714285714285,short,4549562.5,0.491947962029316,Medium,41,8,0,0,0,1,0,0,0,0,0,0,0,0,0,0,0,0,0,0,0,0,0,0,1,0
gtDKKJq9u30,17,Kurzgesagt – In a Nutshell,education,The Dumbest Animal Alive,4909164,193171,10663,665,4.152112253736074,1,14,310,15836.012903225806,long,4549562.5,1.0790408967895264,High,24,4,0,0,0,0,0,0,0,0,0,0,0,0,1,0,0,0,0,0,0,0,0,0,0,2
reSfF60-2S4,17,Kurzgesagt – In a Nutshell,education,Is The World Getting More Violent?,4622752,200207,26709,777,4.9086777746242936,1,15,576,8025.611111111111,long,4549562.5,1.0160871512370695,Medium,34,6,0,0,0,1,0,0,0,0,0,0,0,0,0,0,0,0,0,0,0,0,0,0,0,2
BmUZ2wp1lM8,17,Kurzgesagt – In a Nutshell,education,Black Hole's Evil Twin - Gravastars Explained,9212568,253839,10760,811,2.872152476920659,1,15,583,15802.003430531733,long,4549562.5,2.024934925061476,High,45,7,0,0,0,0,0,0,0,0,0,0,0,0,0,0,0,0,0,0,0,0,0,0,0,2
LbARorLmhsc,17,Kurzgesagt – In a Nutshell,education,Would You Upload Your Mind?,664700,25728,1327,57,4.070257258913796,3,14,315,2110.15873015873,short,4549562.5,0.14610196035333067,Low,27,5,0,0,0,1,0,0,0,0,0,0,0,0,0,0,0,0,0,0,0,0,0,0,0,0
UNunBadMlHQ,17,Kurzgesagt – In a Nutshell,education,We Won’t Explore the Galaxy...,1117008,57708,1471,61,5.297992494234598,3,14,322,3468.968944099379,short,4549562.5,0.2455198714162076,Low,30,5,0,0,0,0,0,0,0,0,0,0,0,0,0,0,0,0,0,0,0,0,0,0,0,0
u4LUix-BU0s,17,Kurzgesagt – In a Nutshell,education,The Drug To Master Reality,4491362,185810,11680,679,4.397107158140448,1,14,324,13862.228395061727,long,4549562.5,0.9872074512659185,High,26,5,0,0,0,0,0,0,0,0,0,0,0,0,0,0,0,0,0,0,0,0,0,0,0,2
aOwmt39L2IQ,17,Kurzgesagt – In a Nutshell,education,Alcohol is AMAZING,6070757,278137,18787,852,4.891053949285073,1,14,331,18340.655589123868,long,4549562.5,1.334360611597269,High,18,3,0,0,0,0,0,0,0,0,0,0,0,0,0,0,0,0,0,0,0,0,0,0,0,2
x7IrzHMxEMM,17,Kurzgesagt – In a Nutshell,education,POV: A Nuclear War Just Started,4336963,279700,8328,161,6.641237197550452,3,14,336,12907.627976190477,medium,4549562.5,0.9532703419284821,High,31,6,0,0,0,0,0,0,0,0,0,0,0,0,0,0,0,0,0,0,0,0,0,0,0,1
3D9uIn2oBLI,17,Kurzgesagt – In a Nutshell,education,Which One Are You?,3401507,148632,4328,57,4.496830375477693,3,15,343,9916.930029154519,short,4549562.5,0.7476558460291511,Medium,18,4,0,0,0,1,0,0,0,0,0,0,0,0,0,0,0,0,0,0,0,0,0,0,0,0
7wK4peez9zE,17,Kurzgesagt – In a Nutshell,education,Let's Kill You a Billion Times to Make You Immortal,4620105,158596,9863,710,3.646215832757048,1,14,345,13391.608695652174,long,4549562.5,1.0155053370516396,High,51,10,0,0,0,0,0,0,0,0,0,0,0,0,0,0,0,0,0,0,0,0,0,0,0,2
UebSfjmQNvs,17,Kurzgesagt – In a Nutshell,education,Do You Have a Free Will?,6395805,276413,20731,738,4.6459202555425,1,14,758,8437.737467018469,long,4549562.5,1.4058066022831865,Medium,24,6,0,0,0,1,0,0,0,0,0,0,1,0,0,0,0,0,0,0,0,0,0,0,0,2
IZ55YvFE960,17,Kurzgesagt – In a Nutshell,education,The 5 Times Life on Earth Almost Ended,2885978,169308,2249,170,5.944501309434791,3,14,350,8245.65142857143,medium,4549562.5,0.6343418735317956,Medium,38,8,1,0,0,0,0,0,0,0,0,0,0,0,0,0,0,0,0,0,0,0,0,0,0,1
xP2tHAXjZhI,17,Kurzgesagt – In a Nutshell,education,How many organs can YOU live without? Turns out: More than we thought.,5412705,194150,2367,75,3.6306615638576276,3,14,357,15161.638655462184,short,4549562.5,1.1897198906488262,High,70,13,0,0,0,1,0,0,0,0,0,0,0,0,0,0,0,0,0,0,0,0,1,0,0,0
rHQeg5EtqDQ,17,Kurzgesagt – In a Nutshell,education,Invisible Extinction From Space – Gamma Ray Bursts,1191092,45651,550,59,3.8788775342290944,3,14,364,3272.230769230769,short,4549562.5,0.26180363496490044,Low,50,8,0,0,0,0,0,0,0,0,0,0,0,0,0,0,0,0,0,0,0,0,0,0,0,0
2ukNLhC8N4Y,17,Kurzgesagt – In a Nutshell,education,Some Galaxies Move Faster Than the Speed of Light,1008678,37242,635,48,3.755113128272848,3,14,364,2771.0934065934066,short,4549562.5,0.22170879068042257,Low,49,9,0,0,0,0,0,0,0,0,0,0,0,0,0,0,0,0,0,0,0,0,0,0,0,0
efOW5NUTYB8,17,Kurzgesagt – In a Nutshell,education,When Your Body Attacks Itself – Autoimmune,3250233,114403,5560,655,3.6909046212994574,1,14,373,8713.761394101877,long,4549562.5,0.7144056159246082,Medium,42,7,0,0,0,0,0,0,0,0,0,0,0,0,0,0,0,0,0,0,0,0,0,0,0,2
_rBPwu2uS-w,17,Kurzgesagt – In a Nutshell,education,Smoking is Awesome,12716890,604794,36817,705,5.04534520625719,1,14,793,16036.431273644388,long,4549562.5,2.7951896473562017,High,18,3,0,0,0,0,0,0,0,0,0,0,0,0,0,0,0,0,0,0,0,0,0,0,0,2
EJoJzLaIcEc,17,Kurzgesagt – In a Nutshell,education,How the Universe Might End,2369162,124106,2882,179,5.360038697227121,3,16,378,6267.624338624339,medium,4549562.5,0.5207450166911654,Medium,26,5,0,0,0,0,0,0,0,0,0,0,0,0,0,0,0,0,0,0,0,0,1,0,0,1
6TcFvx8ajD4,17,Kurzgesagt – In a Nutshell,education,Why Do Planets Rotate in a Disk?,1515448,56680,906,61,3.79993242922225,3,14,385,3936.2285714285713,short,4549562.5,0.33309752311348617,Low,32,7,0,0,0,1,0,0,0,0,0,0,0,0,0,0,0,0,0,0,0,0,0,1,0,0
Ce9kHZQk3MI,17,Kurzgesagt – In a Nutshell,education,Test Our PC Game – Star Birds Demo Out Now!,573849,28896,944,47,5.199974209243198,0,17,395,1452.7822784810126,short,4549562.5,0.12613278749330292,Low,43,10,0,0,0,0,1,0,0,0,0,0,0,0,0,0,0,0,0,0,0,0,0,0,0,0
zxq60I5RSW8,17,Kurzgesagt – In a Nutshell,education,How Nuclear Flies Protect You from Flesh-Eating Parasites,6266176,168519,9102,680,2.834599602692296,1,14,401,15626.374064837904,long,4549562.5,1.3773139724973555,High,57,8,0,0,0,0,0,0,0,0,0,0,0,0,0,0,0,0,0,0,0,0,1,0,0,2
o7aXV_PV4ss,17,Kurzgesagt – In a Nutshell,education,Dozens of Nukes Are Missing. Why? HOW?,2832934,107495,1615,61,3.8514840091579967,3,14,406,6977.669950738917,short,4549562.5,0.6226827304823266,Medium,38,7,0,0,0,1,0,0,0,0,0,0,0,0,0,0,0,0,0,0,0,0,0,0,0,0
m6KnVTYtSc0,17,Kurzgesagt – In a Nutshell,education,Why Does Fentanyl Feel So Good?,9325723,362548,22281,898,4.126532602351582,1,14,415,22471.62168674699,long,4549562.5,2.0498065473328477,Viral,31,6,0,0,0,1,0,0,0,0,0,0,0,0,0,0,0,0,0,0,0,0,0,1,0,2
MDZ2iWN0ZSI,17,Kurzgesagt – In a Nutshell,education,Heat Affects Who Gets Born,874984,29436,758,59,3.4508059575946533,3,14,434,2016.0921658986176,short,4549562.5,0.19232266838844395,Low,26,5,0,0,0,0,0,0,0,0,0,0,0,0,0,0,0,0,0,0,0,0,0,0,0,0
NYNBAxDfgrY,17,Kurzgesagt – In a Nutshell,education,Your Time Machine Broke - At The Worst Time In History,5920892,198251,7894,773,3.481654453416817,1,14,443,13365.444695259594,long,4549562.5,1.3014200816012529,High,54,11,0,0,0,0,0,0,0,0,0,0,0,0,0,1,0,0,0,0,0,0,0,0,0,2
UjAJ2jKH_QM,17,Kurzgesagt – In a Nutshell,education,Why Do We Itch?,7264296,314965,5475,61,4.411163862265524,3,14,448,16214.94642857143,short,4549562.5,1.5967021004766941,High,15,4,0,0,0,1,0,0,0,0,0,0,0,0,0,0,0,0,0,0,0,0,0,1,0,0
eGU9Bvl7VvQ,17,Kurzgesagt – In a Nutshell,education,Your Spacesuit Fails – What Now?,2510357,89338,866,71,3.593273785362002,3,14,455,5517.268131868132,short,4549562.5,0.5517798689434423,Low,32,6,0,0,0,1,0,0,0,0,0,0,0,0,0,0,0,0,0,0,0,0,0,0,0,0
Ufmu1WD2TSk,17,Kurzgesagt – In a Nutshell,education,SOUTH KOREA IS OVER,15456917,501928,76852,887,3.7444724585116163,2,14,463,33384.26997840173,long,4549562.5,3.3974512933935954,Viral,19,4,0,0,0,0,0,0,0,0,0,0,0,0,0,0,0,0,0,0,0,0,0,0,0,2
PHI07XtbfVA,17,Kurzgesagt – In a Nutshell,education,Bird Flu Simulator,3433496,145877,1644,70,4.29652459184458,3,15,469,7320.886993603412,short,4549562.5,0.7546870715590784,Medium,18,3,0,0,0,0,0,0,0,0,0,0,0,0,0,0,0,0,0,0,0,0,0,0,0,0
wo_e0EvEZn8,17,Kurzgesagt – In a Nutshell,education,Why Your Brain Blinds You For 2 Hours Every Day,7416198,319865,15815,754,4.526308493921009,1,15,478,15515.058577405858,long,4549562.5,1.6300903658318795,High,47,10,1,0,0,0,0,0,0,1,0,0,0,0,0,0,1,0,0,0,1,0,0,1,0,2
joYJahY4FUI,17,Kurzgesagt – In a Nutshell,education,What If Continents and Oceans Switched Places?,9440971,550147,2991,96,5.858910063382251,3,15,483,19546.52380952381,short,4549562.5,2.0751382138392427,High,46,7,0,0,0,1,0,0,0,0,0,0,0,0,0,0,0,0,0,0,0,0,0,0,1,0
FPZuklD9eRg,17,Kurzgesagt – In a Nutshell,education,How Radioactive Are Your Teeth?,7855004,438729,4136,135,5.6379984020377325,3,15,490,16030.620408163266,medium,4549562.5,1.7265405190059484,High,31,5,0,0,0,1,0,0,0,0,0,0,0,0,0,0,0,0,0,0,0,0,1,0,0,1
5sVfTPaxRwk,17,Kurzgesagt – In a Nutshell,education,If You Eat Meat You Should Know This,6047474,267539,26291,930,4.858722832045247,1,15,499,12119.186372745491,long,4549562.5,1.3292429766598437,High,36,8,0,0,0,0,0,0,0,0,0,0,0,0,0,0,0,0,0,0,0,0,0,0,0,2
XQQkHLW8b3Y,17,Kurzgesagt – In a Nutshell,education,How to Clean Up Space Debris,1100357,58674,714,54,5.39715746798539,3,15,504,2183.248015873016,short,4549562.5,0.24185995906199773,Low,28,6,0,0,0,0,0,0,0,0,0,0,0,0,0,0,0,0,0,0,0,0,1,0,0,0
KmgRBiRMmAU,17,Kurzgesagt – In a Nutshell,education,What Falling in Love Does to You,1540637,106546,2206,53,7.058898364767301,4,15,510,3020.856862745098,short,4549562.5,0.3386340994326378,Low,32,7,0,0,0,0,0,0,0,0,0,0,0,0,0,0,0,0,0,0,0,0,0,0,1,0
dCiMUWw1BBc,17,Kurzgesagt – In a Nutshell,education,What Actual Aliens Might Look Like,10608619,269311,9260,953,2.6258931534820884,1,15,520,20401.190384615384,long,4549562.5,2.3317888258486392,High,34,6,0,0,0,0,0,0,0,0,0,0,0,0,0,0,0,0,0,0,0,0,0,0,1,2
RLEvo3I5C6w,17,Kurzgesagt – In a Nutshell,education,How Chicken Heads Stopped Rabies,3824315,256570,1334,95,6.743795947771039,3,15,525,7284.409523809524,short,4549562.5,0.8405896171335155,Medium,32,5,0,0,0,0,0,0,0,0,0,0,0,0,0,0,0,0,0,0,0,0,1,0,0,0
UyUm3KEnZxE,17,Kurzgesagt – In a Nutshell,education,Are You a Machine?,3547265,294967,4131,130,8.431791817075974,3,15,532,6667.791353383459,medium,4549562.5,0.7796936518621296,Medium,18,4,0,0,0,1,0,0,0,0,0,0,0,0,0,0,0,0,0,0,0,0,0,0,0,1
oR3Q7RntqEw,17,Kurzgesagt – In a Nutshell,education,Whales Evolved from This Animal,4904277,379359,7689,151,7.892050143170951,3,15,539,9098.844155844155,medium,4549562.5,1.0779667275699587,Medium,31,5,0,0,0,0,0,0,0,0,0,0,0,0,0,0,0,0,0,0,0,0,0,0,0,1
0pyGPK3fG4U,17,Kurzgesagt – In a Nutshell,education,Your Brain Deletes Your Childhood Memories,1838343,107884,1737,62,5.963033013969646,3,15,546,3366.9285714285716,short,4549562.5,0.40407028148310964,Low,42,6,0,0,0,0,0,0,0,0,0,0,0,0,0,0,0,0,0,0,0,0,0,0,0,0
mCAm38dSD78,17,Kurzgesagt – In a Nutshell,education,Lightning: Nature’s Plasma Highway,2067331,150595,2211,60,7.391462712066911,3,15,553,3738.3924050632913,short,4549562.5,0.45440215405327433,Low,34,4,0,0,0,0,0,0,0,0,0,0,0,0,0,0,0,0,0,0,0,0,0,0,0,0
Pkbhn8sIWuw,17,Kurzgesagt – In a Nutshell,education,How EXACTLY Does Beaming Work?,2508857,164110,3272,55,6.67164370069717,3,15,560,4480.101785714286,short,4549562.5,0.5514501669116536,Low,30,5,0,0,0,1,0,0,0,0,0,0,0,0,0,0,0,0,0,0,0,0,1,0,0,0
vC9BeyIlcYo,17,Kurzgesagt – In a Nutshell,education,Do We See the Same Colors?,2649539,158855,2487,55,6.089436690684681,3,15,567,4672.908289241623,short,4549562.5,0.5823722610690588,Low,26,6,0,0,0,1,0,0,0,0,0,0,0,0,0,0,0,0,0,0,0,0,0,0,0,0
ecIwfilIkTY,17,Kurzgesagt – In a Nutshell,education,Let's Climb a Ladder to Space – Will We Float or Fall?,5061713,371022,3174,151,7.392675167477887,3,15,588,8608.355442176871,medium,4549562.5,1.11257137362109,Medium,54,12,0,0,0,1,0,0,0,0,0,0,0,0,0,0,0,0,0,0,0,0,0,0,0,1
cHEOsKddURQ,17,Kurzgesagt – In a Nutshell,education,Vaping Is Too Good To Be True,8573665,327184,16178,834,4.004845069174035,1,15,597,14361.247906197656,long,4549562.5,1.8845031802508483,High,29,7,0,0,0,0,0,0,0,0,0,0,0,0,0,0,0,0,0,0,0,0,0,0,0,2
qBRaI0ZeAf8,17,Kurzgesagt – In a Nutshell,education,We Have To Talk About Weed,12306418,495556,33702,882,4.300666530260877,1,14,604,20374.864238410595,long,4549562.5,2.7049673457612684,High,26,6,0,0,0,0,0,0,0,0,0,0,0,0,0,0,0,0,0,0,0,0,0,0,0,2
E55uSCO5D2w,17,Kurzgesagt – In a Nutshell,education,The Most Insane Weapon You Never Heard About,14222914,339421,15444,836,2.495023171763536,1,15,611,23278.091653027823,long,4549562.5,3.1262157625046365,Viral,44,8,0,0,0,0,0,0,0,0,0,0,0,0,0,0,0,0,0,1,0,0,0,0,0,2
bgo7rm5Maqg,17,Kurzgesagt – In a Nutshell,education,We Fell For The Oldest Lie On The Internet,8879564,432269,15294,788,5.04037135156636,1,15,618,14368.226537216828,long,4549562.5,1.9517401947989506,High,42,9,0,0,0,0,0,0,0,0,0,0,0,0,0,0,0,0,0,0,0,0,0,0,0,2
v6WMAD5wNKs,17,Kurzgesagt – In a Nutshell,education,How to Survive a Parachute Jump Without a Parachute,8127967,431239,3104,58,5.343808605522144,3,14,623,13046.495987158909,short,4549562.5,1.7865381561413871,High,51,9,0,0,0,0,0,0,0,0,0,0,0,0,0,0,0,0,0,0,0,0,1,0,0,0
tDStIeOWc40,17,Kurzgesagt – In a Nutshell,education,What Is Mpox? And How Dangerous Is It?,5006819,280902,3332,59,5.676937792238944,3,14,630,7947.331746031746,short,4549562.5,1.100505598065748,Medium,38,8,0,0,0,1,0,0,0,0,0,0,0,0,0,0,0,0,0,0,0,0,0,0,1,0
c1nYtX-NUsc,17,Kurzgesagt – In a Nutshell,education,Tired of Doomscrolling?,6393601,297551,12260,554,4.845641759628103,1,13,639,10005.635367762128,medium,4549562.5,1.4053221600978116,Medium,23,3,0,0,0,1,0,0,0,0,0,0,0,0,0,0,0,0,0,0,0,0,0,0,0,1
VD6xJq8NguY,17,Kurzgesagt – In a Nutshell,education,There Is Life Hiding Inside Earth,8431365,235215,8371,688,2.889045842517789,3,13,644,13092.181677018634,long,4549562.5,1.8532254475018202,High,33,6,0,0,0,0,0,0,0,0,0,0,0,0,0,0,0,0,0,0,0,0,0,0,0,2
oTx-GSF3cts,17,Kurzgesagt – In a Nutshell,education,This Video Might Save 58 Lives Next Week,5503097,398599,24896,819,7.695575782145944,1,15,653,8427.407350689127,long,4549562.5,1.2095881746871264,Medium,40,8,1,0,0,0,0,0,0,0,0,0,0,0,0,0,0,0,0,0,0,0,0,0,0,2
SbvAaDN1bpE,17,Kurzgesagt – In a Nutshell,education,Why Scientists Are Puzzled By This Virus,5423430,188812,4564,644,3.5655664404260774,1,14,660,8217.318181818182,long,4549562.5,1.1920772601761158,Medium,40,7,0,0,0,0,0,0,0,0,0,0,0,0,0,0,0,0,0,0,0,0,0,1,0,2
vSSkDos2hzo,17,Kurzgesagt – In a Nutshell,education,We Need to Rethink Exercise (Updated Version),5660408,187074,6376,788,3.4175981660685943,3,14,665,8511.891729323308,long,4549562.5,1.244165345568942,Medium,45,7,0,0,0,0,0,0,0,0,0,0,0,0,0,0,0,0,0,0,0,0,0,0,0,2
dIpttD7b8B4,17,Kurzgesagt – In a Nutshell,education,Why Do Puddles Disappear but Lakes Don’t?,5888298,375046,1516,57,6.395090737595142,3,14,665,8854.583458646617,short,4549562.5,1.2942558762518375,Medium,41,7,0,0,0,1,0,0,0,0,0,0,0,0,0,0,0,0,0,0,0,0,0,1,0,0
_kelDJFjhOo,17,Kurzgesagt – In a Nutshell,education,The Perfect Sofa – According to Science,8370130,422885,3425,55,5.093230332145379,3,14,672,12455.550595238095,short,4549562.5,1.83976591155743,High,39,7,0,0,0,0,0,0,0,0,0,0,0,0,0,0,0,0,0,0,0,0,0,0,0,0
49ApsH6lzk0,17,Kurzgesagt – In a Nutshell,education,This Happens When You Get a Tattoo,3283712,196298,2129,49,6.042765017151321,3,14,679,4836.100147275405,short,4549562.5,0.721764345472779,Low,34,7,0,0,0,0,0,0,0,0,0,0,0,0,0,0,0,0,0,0,0,0,0,0,0,0
dBxxi5XAm3U,17,Kurzgesagt – In a Nutshell,education,We Traveled Back in Time. Now Physicists Are Angry.,9072395,279636,9949,680,3.1919355363164854,1,14,681,13322.165932452275,long,4549562.5,1.9941247097935242,High,51,9,0,0,0,0,0,0,0,0,0,0,0,0,0,0,0,0,0,0,0,0,0,0,0,2
W-x9d-nhal4,17,Kurzgesagt – In a Nutshell,education,Fentanyl Explained,11095667,793672,13485,59,7.274524370639458,3,14,686,16174.4416909621,short,4549562.5,2.438842635967744,High,18,2,0,0,0,0,0,0,0,0,0,0,0,0,0,0,0,0,0,0,0,0,0,0,0,0
cRZOUcpiOxY,17,Kurzgesagt – In a Nutshell,education,"Fever Feels Horrible, but is Actually Awesome!",10659010,353487,12354,668,3.4322230676207264,1,14,695,15336.705035971223,long,4549562.5,2.3428648359045514,High,46,7,0,0,0,0,1,0,0,0,0,0,0,0,0,0,0,0,0,0,0,0,0,0,0,2
fa8k8IQ1_X0,17,Kurzgesagt – In a Nutshell,education,A.I. ‐ Humanity's Final Invention?,11966232,314327,21482,1003,2.8063052763810696,1,14,702,17045.91452991453,long,4549562.5,2.6301940021705383,High,34,5,0,0,0,1,0,0,0,0,0,0,0,0,0,0,0,0,0,0,0,0,0,0,0,2
hX_acKX1G2Y,17,Kurzgesagt – In a Nutshell,education,The Sun is NOT Yellow!,4947657,305147,4712,60,6.2627421423918435,3,14,707,6998.100424328147,short,4549562.5,1.0875017103292899,Medium,22,5,0,0,0,0,1,0,0,0,0,0,0,0,0,0,0,0,0,0,0,0,0,0,0,0
xswF0mRay_8,17,Kurzgesagt – In a Nutshell,education,Can Our Universe Destroy Itself?,2146833,126242,1070,54,5.930223729558843,3,14,714,3006.768907563025,short,4549562.5,0.47187680134078824,Low,32,5,0,0,0,1,0,0,0,0,0,0,0,0,0,0,0,0,0,0,0,0,0,0,0,0
92Y7SCDgCLg,17,Kurzgesagt – In a Nutshell,education,Can We Stop the Extinction?,2878452,166712,3795,59,5.923565861094783,3,14,728,3953.9175824175823,short,4549562.5,0.6326876485376342,Low,27,5,0,0,0,1,0,0,0,0,0,0,0,0,0,0,0,0,0,0,0,0,0,0,0,0
n2sn4kkkGQM,17,Kurzgesagt – In a Nutshell,education,The Deadly Power of a Coin-Sized Black Hole,19575496,918257,6467,56,4.723885412660808,3,14,735,26633.327891156463,short,4549562.5,4.302720536315305,Viral,43,8,0,0,0,0,0,0,0,0,0,0,0,0,0,0,0,0,0,0,0,0,0,0,0,0
GFLb5h2O2Ww,17,Kurzgesagt – In a Nutshell,education,This Disease is Deadlier Than The Plague,10663448,458326,17773,653,4.46477537096819,1,14,744,14332.591397849463,long,4549562.5,2.343840314315937,High,40,7,0,0,0,0,0,0,0,0,0,0,0,0,0,0,0,0,0,0,0,0,0,0,0,2
_z7DkeP5WNg,17,Kurzgesagt – In a Nutshell,education,Our Brains Are Not Special. But Why Are We?,8459900,513842,4774,49,6.130285227957778,3,14,749,11294.926568758345,short,4549562.5,1.8594974791532153,Medium,43,9,0,0,0,1,0,0,0,0,0,0,0,0,0,0,0,0,0,0,0,0,0,0,0,0
fcIWyctZVTM,17,Kurzgesagt – In a Nutshell,education,We Are Making a VIDEO GAME,864279,77537,1883,60,9.189162295971554,3,13,756,1143.2261904761904,short,4549562.5,0.18996969488824475,Low,26,6,0,0,0,0,0,0,0,0,0,0,0,0,0,0,0,0,0,0,0,0,0,0,0,0
3DFE8gZe9bA,17,Kurzgesagt – In a Nutshell,education,We Are Making a VIDEO GAME,1919503,130214,7454,61,7.172064852203929,6,20,760,2525.661842105263,short,4549562.5,0.4219093594164274,Low,26,6,0,0,0,0,0,0,0,0,0,0,0,0,0,0,0,0,0,0,0,0,0,0,0,0
J8imlz6Lki8,17,Kurzgesagt – In a Nutshell,education,Something Travels Faster than Light,8091270,439698,5384,52,5.500768111804451,3,14,763,10604.547837483617,short,4549562.5,1.7784721058343522,Medium,35,5,0,0,0,0,0,0,0,0,0,0,0,0,0,0,0,0,0,0,0,0,0,0,0,0
BLW4hCFwSXE,17,Kurzgesagt – In a Nutshell,education,How Old Can You Get?,11008264,565692,6236,58,5.195442260469044,3,14,770,14296.446753246753,short,4549562.5,2.4196313381781214,High,20,5,0,0,0,1,0,0,0,0,0,0,0,0,0,0,0,0,0,0,0,0,1,0,0,0
itBBsQRv0EU,17,Kurzgesagt – In a Nutshell,education,Your Hidden Superpower,1367259,39597,1445,107,3.0017721587497324,1,14,772,1771.0608808290156,short,4549562.5,0.3005253801876554,Low,22,3,0,0,0,0,0,0,0,0,0,0,0,0,0,0,0,0,0,0,0,0,0,0,0,0
71eUes30gwc,17,Kurzgesagt – In a Nutshell,education,This Black Hole Could be Bigger Than The Universe,9028086,281532,13490,704,3.267824431446488,1,14,779,11589.327342747112,long,4549562.5,1.9843855315758383,Medium,49,9,0,0,0,0,0,0,0,0,0,0,0,0,0,0,0,0,0,0,0,0,0,0,0,2
i8wAjC69ZuY,17,Kurzgesagt – In a Nutshell,education,Why Is the Night Sky Black?,5032962,357396,3200,58,7.164687514032492,3,14,784,6419.594387755102,short,4549562.5,1.1062518648771174,Medium,27,6,0,0,0,1,0,0,0,0,0,0,0,0,0,0,0,0,0,0,0,0,0,1,0,0
W6-BGkuA2Gc,17,Kurzgesagt – In a Nutshell,education,Why You Need a Space Elevator And How You Can Build One,2546737,164382,1847,58,6.527136488769747,3,14,798,3191.3997493734337,short,4549562.5,0.5597762422210927,Low,55,12,0,0,0,0,0,0,0,0,0,0,0,0,0,0,0,0,0,0,0,0,0,1,0,0
OvKr6loCciE,17,Kurzgesagt – In a Nutshell,education,What Makes Kurzgesagt So Special?,1120040,66567,2244,130,6.1436198707189025,1,14,800,1400.05,medium,4549562.5,0.24618630912312997,Low,33,5,0,0,0,1,0,0,0,0,0,0,0,0,0,0,0,0,0,0,0,0,0,0,1,1
BNAgDOZCydY,17,Kurzgesagt – In a Nutshell,education,How You Can Live Forever... Maybe.,13942049,584628,5246,60,4.230898915934093,3,14,805,17319.31552795031,short,4549562.5,3.0644812550657345,High,34,6,0,0,0,0,0,0,0,0,0,0,0,0,0,0,0,0,0,0,0,0,1,0,0,0
S-gRXjKUnVs,17,Kurzgesagt – In a Nutshell,education,Let’s Go on a Fantastical Journey,1713336,116154,647,55,6.81716837794805,3,14,812,2110.0197044334977,short,4549562.5,0.3765935735578971,Low,33,6,0,0,0,0,0,0,0,0,0,0,0,0,0,0,0,0,0,0,0,0,0,0,0,0
L_JQOH1tEEA,17,Kurzgesagt – In a Nutshell,education,There Are Thousands of Alien Empires in The Milky Way,8876890,244185,12627,839,2.8930402426976114,1,14,814,10905.27027027027,long,4549562.5,1.9511524459769483,Medium,53,10,0,0,0,0,0,0,0,0,0,0,0,0,0,0,0,0,0,0,0,0,0,0,0,2
LFfFlYQfXh0,17,Kurzgesagt – In a Nutshell,education,Let's Cook a Galaxy,5566347,285392,6769,59,5.248702605137624,3,14,819,6796.516483516483,short,4549562.5,1.2234906103608862,Medium,19,4,0,0,0,0,0,0,0,0,0,0,0,0,0,0,0,0,0,0,0,0,0,0,0,0
DRjmRNsPl1M,17,Kurzgesagt – In a Nutshell,education,ONE Gene Determines How Many Fingers You Have,10768044,521660,8513,55,4.923577578249123,3,14,826,13036.372881355932,short,4549562.5,2.3668306567939226,High,45,8,0,0,0,0,0,0,0,0,0,0,0,0,0,0,0,0,0,0,0,0,0,0,0,0
pjoQdz0nxf4,17,Kurzgesagt – In a Nutshell,education,How The Dinosaurs Actually Died,8663545,223533,9029,700,2.684374583383592,1,14,835,10375.502994011977,long,4549562.5,1.9042589259956315,Medium,31,5,0,0,0,0,0,0,0,0,0,0,0,0,0,0,0,0,0,0,0,0,1,0,0,2
cUD8Nt0JDlw,17,Kurzgesagt – In a Nutshell,education,YOU Own the Moon. And Mars. And Venus.,6157056,359296,3933,60,5.899394126023866,3,15,840,7329.828571428571,short,4549562.5,1.353329248691495,Medium,38,8,0,0,1,0,0,0,0,0,0,0,0,0,0,0,0,0,0,0,0,0,0,0,0,0
8ILQMRr1-8M,17,Kurzgesagt – In a Nutshell,education,AI Can Literally Lend You a Hand,5906259,371109,3891,54,6.349196674239989,3,15,847,6973.151121605667,short,4549562.5,1.2982037283804762,Medium,32,7,0,0,0,0,0,0,0,0,0,0,0,0,0,0,0,0,0,0,0,0,0,0,0,0
i981tDgvhPg,17,Kurzgesagt – In a Nutshell,education,Will Europe Freeze over When the Gulf Stream Stops?,2925235,180342,2235,56,6.241447268339125,3,15,854,3425.3337236533957,short,4549562.5,0.6429706153064169,Low,51,9,0,0,0,1,0,0,0,0,0,0,1,0,0,0,0,0,0,0,0,0,0,0,0,0
kblSnj0p6bE,17,Kurzgesagt – In a Nutshell,education,What Happens if Earth Suddenly Stops Rotating?,6755152,406464,3494,58,6.0688197689704095,3,14,1092,6186.03663003663,short,4549562.5,1.4847915596279861,Medium,46,7,0,0,0,1,0,0,0,0,0,0,0,0,0,0,0,0,0,0,0,0,0,0,1,0
Oj_OwYR9jGQ,17,Kurzgesagt – In a Nutshell,education,What Does the Moon Smell Like?,4607763,307932,2498,59,6.737108657715252,3,15,861,5351.641114982578,short,4549562.5,1.0127925487340816,Low,30,6,0,0,0,1,0,0,0,0,0,0,0,0,0,0,0,0,0,0,0,0,0,0,1,0
isdLel273rQ,17,Kurzgesagt – In a Nutshell,education,The Paradox of an Infinite Universe,11741578,335876,13425,681,2.9749067799915823,1,15,863,13605.536500579374,long,4549562.5,2.5808147486708886,High,35,6,0,0,0,0,0,0,0,0,0,0,0,0,0,0,0,0,0,0,0,0,0,0,0,2
LrIRuqr_Ozg,17,Kurzgesagt – In a Nutshell,education,What Happens AFTER Nuclear War?,12974713,313953,20597,671,2.5784770730574156,1,15,870,14913.463218390805,long,4549562.5,2.8518594919841194,High,31,5,0,0,0,1,0,0,0,0,0,0,0,0,0,0,0,0,0,0,0,0,0,0,1,2
Pj20omaP7WI,17,Kurzgesagt – In a Nutshell,education,Something in Your Kitchen Emits Antimatter,13872455,745995,7407,60,5.430920482351538,3,15,875,15854.234285714285,short,4549562.5,3.0491843995988623,High,42,6,0,0,0,0,0,0,0,0,0,0,0,0,0,0,0,0,0,0,0,0,0,0,0,0
W1Qyv6EI2hE,17,Kurzgesagt – In a Nutshell,education,Can You Escape a Black Hole?,4210100,229439,5153,46,5.572124177572979,3,15,882,4773.356009070295,short,4549562.5,0.9253856826892696,Low,28,6,0,0,0,1,0,0,0,0,0,0,0,0,0,0,0,0,0,0,0,0,0,0,0,0
wwSzpaTHyS8,17,Kurzgesagt – In a Nutshell,education,Did The Future Already Happen? - The Paradox of Time,14690928,462129,21650,755,3.293045885188465,1,15,891,16488.13468013468,long,4549562.5,3.2290858736416963,High,52,10,0,0,0,1,0,0,0,0,0,0,0,0,0,0,0,0,0,0,0,0,0,0,0,2
ld4K5nw9gsk,17,Kurzgesagt – In a Nutshell,education,What If Our Sun Disappeared?,7194085,371728,3472,57,5.215395703553683,3,15,896,8029.112723214285,short,4549562.5,1.5812696275740799,Medium,28,5,0,0,0,1,0,0,0,0,0,0,0,0,0,0,0,0,0,0,0,0,0,0,1,0
V4Z8EdiJxgk,17,Kurzgesagt – In a Nutshell,education,The Black Hole That Kills Galaxies - Quasars,10904860,286068,7538,650,2.6924325484233633,6,12,1124,9701.832740213524,long,4549562.5,2.396902998914731,Medium,44,8,0,0,0,0,0,0,0,0,0,0,0,0,0,0,0,0,0,0,0,0,0,0,0,2
8_cAY_rQpzM,17,Kurzgesagt – In a Nutshell,education,Map Projections – Why Do We Have Different Maps of the Earth?,3333709,145938,1306,43,4.41682222413534,3,15,903,3691.815060908084,short,4549562.5,0.7327537537950077,Low,61,12,0,0,0,1,0,0,0,0,0,0,0,0,0,0,0,0,0,0,0,0,0,0,0,0
6AWYgNArZZw,17,Kurzgesagt – In a Nutshell,education,Let’s Shrink Earth to Half Its Size,5316052,303946,2316,58,5.7610798389481515,3,15,910,5841.815384615385,short,4549562.5,1.1684754303298395,Low,35,7,0,0,0,0,0,0,0,0,0,0,0,0,0,0,0,0,0,0,0,0,0,0,0,0
Chh2lgGe2YE,17,Kurzgesagt – In a Nutshell,education,You Swallowed a Tapeworm – What Now?,10781016,532667,5085,60,4.987952897945797,3,15,917,11756.833151581242,short,4549562.5,2.369681919964832,Medium,36,7,0,0,0,1,0,0,0,0,0,0,0,0,0,0,0,0,0,0,0,0,0,0,0,0
qP65siuTLFc,17,Kurzgesagt – In a Nutshell,education,Cooking a Chicken in a Particle Accelerator,5345209,323136,2841,60,6.098489320062135,3,15,924,5784.858225108225,short,4549562.5,1.1748841784237496,Low,43,7,0,0,0,0,0,0,0,0,0,0,0,0,0,0,0,0,0,0,0,0,0,0,0,0
Z_1Q0XB4X0Y,17,Kurzgesagt – In a Nutshell,education,You Are The Center of The Universe (Literally),8377467,233740,7505,751,2.87968905159519,6,15,935,8959.857754010694,long,4549562.5,1.841378594095586,Medium,46,8,0,0,0,0,0,0,0,0,0,0,0,0,0,0,0,0,0,0,0,0,0,0,0,2
nGggU-Cxhv0,17,Kurzgesagt – In a Nutshell,education,Your Tattoo is INSIDE Your Immune System. Literally,16315345,444340,15453,549,2.8181629012441967,1,15,940,17356.75,medium,4549562.5,3.5861349305565096,High,51,8,0,0,0,0,0,0,0,0,0,0,0,0,0,0,0,0,0,0,0,0,0,0,0,1
HR2C_7G_yRQ,17,Kurzgesagt – In a Nutshell,education,How To Destroy The Universe,10212414,251838,8897,603,2.553118195169134,4,15,944,10818.235169491525,long,4549562.5,2.244702430178726,Medium,27,5,0,0,0,0,0,0,0,0,0,0,0,0,0,0,0,0,0,0,0,0,1,0,0,2
RzwaiFvyN6s,17,Kurzgesagt – In a Nutshell,education,How do Lasers Work?,12660179,713852,3266,60,5.6643590900255045,3,14,1127,11233.521739130434,short,4549562.5,2.7827244927396864,Medium,19,4,0,0,0,1,0,0,0,0,0,0,0,0,0,0,0,0,0,0,0,0,1,0,0,0
yDMZJ7LgrGY,17,Kurzgesagt – In a Nutshell,education,The Moment kurzgesagt Changed Forever,1983377,121104,2845,129,6.2493918201128675,1,16,947,2094.37909186906,medium,4549562.5,0.4359489511354114,Low,37,5,0,0,0,0,0,0,0,0,0,0,0,0,0,0,0,0,0,0,0,0,0,0,0,1
fuFlMtZmvY0,17,Kurzgesagt – In a Nutshell,education,The Internet is Worse Than Ever – Now What?,8897501,438246,25626,692,5.21350882680429,2,15,953,9336.307450157397,long,4549562.5,1.9556827716950806,Medium,43,9,0,0,0,1,0,0,0,0,0,0,0,0,0,0,0,0,0,0,0,0,0,0,0,2
FgnjdW-x7mQ,17,Kurzgesagt – In a Nutshell,education,The Last Thing To Ever Happen In The Universe,9406569,288215,11977,665,3.1913017381789253,1,15,961,9788.313215400623,long,4549562.5,2.0675766076408446,Medium,45,9,0,0,0,0,0,0,0,0,1,0,0,0,0,0,0,0,0,0,0,0,0,0,0,2
tybKnGZRwcU,17,Kurzgesagt – In a Nutshell,education,How to Win an Interstellar War,12465857,323042,14377,665,2.706745312416146,2,15,967,12891.268872802482,long,4549562.5,2.740012253925515,High,30,6,0,0,0,0,0,0,0,0,0,1,0,0,0,0,0,0,0,0,0,0,1,0,0,2
S7TUe5w6RHo,17,Kurzgesagt – In a Nutshell,education,4.5 Billion Years in 1 Hour,16893120,730937,31850,3600,4.515370754484667,4,16,972,17379.753086419754,very_long,4549562.5,3.713130658167681,High,27,6,1,0,0,0,0,0,0,1,0,0,0,0,0,0,0,0,0,0,0,0,0,0,0,3
JOiGEI9pQBs,17,Kurzgesagt – In a Nutshell,education,Ancient Life as Old as the Universe,8248896,286887,10938,575,3.6104831482903896,1,14,1003,8224.22333000997,medium,4549562.5,1.8131185141428434,Medium,35,7,0,0,0,0,0,0,0,0,0,0,0,0,0,0,0,0,0,0,0,0,0,0,0,1
LBudghsdByQ,17,Kurzgesagt – In a Nutshell,education,Why Humans Are Vanishing,12920659,373883,38753,787,3.1936141956846007,2,14,1009,12805.410307234886,long,4549562.5,2.839978349566579,High,24,4,0,0,0,0,0,0,0,0,0,0,0,0,0,0,0,0,0,0,0,0,0,1,0,2
BxXzzAEEhCA,17,Kurzgesagt – In a Nutshell,education,Would You Choose Life On Earth Or in Space?,4807474,286447,5588,58,6.074603835610967,3,14,1022,4703.986301369863,short,4549562.5,1.056689297047793,Low,43,9,0,0,0,1,0,0,0,0,0,0,0,0,0,0,0,0,0,0,0,0,0,0,0,0
4Stzj2_Rlo4,17,Kurzgesagt – In a Nutshell,education,Are You A Dream Of The Universe?,8309030,348605,17246,616,4.403053063955721,1,14,1031,8059.194956353055,long,4549562.5,1.8263360487959006,Medium,32,7,0,0,0,1,0,0,0,0,0,0,0,0,0,0,0,0,0,0,0,0,0,0,0,2
wmP3MBjsx20,17,Kurzgesagt – In a Nutshell,education,How A Nuclear War Will Start - Minute by Minute,10290886,339190,17368,534,3.4647939934423526,1,14,1052,9782.211026615969,medium,4549562.5,2.2619506820710784,Medium,47,10,0,0,0,0,0,0,0,0,0,0,0,0,0,0,0,0,0,0,0,0,1,0,0,1
cFslUSyfZPc,17,Kurzgesagt – In a Nutshell,education,What Happens If You Destroy A Black Hole?,14005383,352180,13883,653,2.613730734818177,2,13,1058,13237.602079395085,long,4549562.5,3.078402154053274,High,41,8,0,0,0,1,0,0,0,0,0,0,0,0,0,0,0,0,0,0,0,0,0,0,1,2
Kr57ax0OWMk,17,Kurzgesagt – In a Nutshell,education,The (Second) Deadliest Virus,6944256,226402,10009,669,3.404410782090983,1,13,1066,6514.311444652908,long,4549562.5,1.526356874974242,Medium,28,4,0,0,0,0,0,0,0,0,0,0,0,0,0,0,0,0,0,0,0,0,0,0,0,2
28T91fgkpkA,17,Kurzgesagt – In a Nutshell,education,How Many Moons Could Earth Handle?,11907106,646257,4562,60,5.465803361454916,3,14,1078,11045.552875695734,short,4549562.5,2.6171980272828432,Medium,34,6,0,0,0,1,0,0,0,0,0,0,0,0,0,0,0,0,0,0,0,0,1,0,0,0
4TlyzKBm5yw,17,Kurzgesagt – In a Nutshell,education,What If You’re in Space without a Spacesuit?,5996842,327951,3325,55,5.52417422369974,3,14,1085,5527.04331797235,short,4549562.5,1.318113994477491,Low,44,8,0,0,0,1,0,0,0,0,0,0,0,0,0,0,0,0,0,0,0,0,0,0,1,0
FPKRFw2jrnU,17,Kurzgesagt – In a Nutshell,education,Earth's Hidden Gem: The Astonishing Diversity of Fauna and Flora,1264354,83259,443,43,6.620139612798315,3,14,1099,1150.4585987261146,short,4549562.5,0.2779067218001731,Low,64,10,0,0,0,0,0,0,0,0,0,0,0,0,0,0,0,0,0,0,0,0,0,0,0,0
9FppammO1zk,17,Kurzgesagt – In a Nutshell,education,The Most Dangerous Weapon Is Not Nuclear,6467794,225207,11921,665,3.666288691321956,6,13,1103,5863.820489573889,long,4549562.5,1.4216298819941477,Low,40,7,0,0,0,0,0,0,0,0,0,0,0,0,0,0,0,0,0,0,0,0,0,0,0,2
8Ey3_9N089k,17,Kurzgesagt – In a Nutshell,education,The Next Atomic Bomb Is Made of DNA,3890789,227243,2106,54,5.894665580682992,6,13,1103,3527.4605621033543,short,4549562.5,0.8552006923742668,Low,35,8,0,0,0,0,0,0,0,0,0,0,0,0,0,0,0,0,0,0,0,0,0,0,0,0
_arb8Fu3LXo,17,Kurzgesagt – In a Nutshell,education,Are Your Friends More Popular than You?,2949192,198956,1906,51,6.8107468079392595,3,14,1106,2666.5388788426762,short,4549562.5,0.6482363963567925,Low,39,7,0,0,0,1,0,0,0,0,0,0,0,0,0,0,0,0,0,0,0,0,0,0,0,0
XFM4tCakAXY,17,Kurzgesagt – In a Nutshell,education,Let's Make Earth Twice as Large!,11973849,680392,11490,60,5.778275640522943,3,14,1113,10758.175202156333,short,4549562.5,2.631868229087962,Medium,32,6,0,0,0,0,1,0,0,0,0,0,0,0,0,0,0,0,0,0,0,0,0,0,0,0
uoJwt9l-XhQ,17,Kurzgesagt – In a Nutshell,education,The Reason Why Cancer is so Hard to Beat,9106244,280821,9841,625,3.1918977791502186,6,13,1117,8152.41181736795,long,4549562.5,2.0015647658428697,Medium,40,9,0,0,0,0,0,0,0,0,0,0,0,0,0,0,0,0,0,0,0,0,0,0,0,2
BNvL_uZhTsY,17,Kurzgesagt – In a Nutshell,education,Why Does Humanity Exist NOW?,5422375,387502,4779,52,7.234486733211923,3,14,1120,4841.40625,short,4549562.5,1.191845369747091,Low,28,5,0,0,0,1,0,0,0,0,0,0,0,0,0,0,0,0,0,0,0,0,0,1,0,0
LNv4y3wPQA0,17,Kurzgesagt – In a Nutshell,education,Earth as a Cube – What Would It Look Like?,13063286,702377,8542,58,5.442114640986961,3,14,1134,11519.652557319225,short,4549562.5,2.8713279573585373,Medium,42,10,0,0,0,1,0,0,0,0,0,0,0,0,0,0,0,0,0,0,0,0,0,0,0,0
hvmIZAvt3jE,17,Kurzgesagt – In a Nutshell,education,How to Cut a Sandwich Perfectly – With Science,18895518,804575,6730,53,4.293637253024765,3,14,1141,16560.489044697635,short,4549562.5,4.153260450867529,High,46,9,0,0,0,0,0,0,0,0,0,0,0,0,0,0,0,0,0,0,0,0,1,0,0,0
IayvE_jFgrc,17,Kurzgesagt – In a Nutshell,education,Magnetic Pole Shift - A Doomsday Scenario?,10556765,589007,5109,59,5.627822538438622,3,14,1148,9195.788327526132,short,4549562.5,2.320391246411056,Medium,42,7,0,0,0,1,0,0,0,0,0,0,0,0,0,0,0,0,0,0,1,0,0,0,0,0
o2afhMs0aUg,17,Kurzgesagt – In a Nutshell,education,Tardigrades Have Superpowers,5996263,304022,1922,59,5.102244514625193,6,14,1152,5205.089409722223,short,4549562.5,1.3179867294932206,Low,28,3,0,0,0,0,0,0,0,0,0,0,0,0,0,0,0,0,0,0,0,0,0,0,0,0
UKOxj8oP59w,17,Kurzgesagt – In a Nutshell,education,How Tiny Can a Black Hole Be?,12876610,679221,10755,55,5.3583668372343345,3,14,1155,11148.580086580087,short,4549562.5,2.83029631970107,Medium,29,7,0,0,0,1,0,0,0,0,0,0,0,0,0,0,0,0,0,0,0,0,1,0,0,0
zFhYJRqz_xk,17,Kurzgesagt – In a Nutshell,education,Your Body Killed Cancer 5 Minutes Ago,9120217,307114,11640,554,3.495026488953059,1,14,1157,7882.642178046673,medium,4549562.5,2.004636050169659,Medium,37,7,1,0,0,0,0,0,0,0,0,0,0,0,0,0,0,0,0,0,0,0,0,0,0,1
pb9g6osg2aY,17,Kurzgesagt – In a Nutshell,education,Why Is the Ocean Salty and Rivers Are Not?,8136426,557016,3846,60,6.893223142446081,3,16,1162,7002.08777969019,short,4549562.5,1.7883974557993214,Medium,42,9,0,0,0,1,0,0,0,0,0,0,0,0,0,0,0,0,0,0,0,0,0,1,0,0
iRach9lpIlg,18,Veritasium,education,Wombats Poop Cubes,1124147,21794,552,46,1.9878183191344192,0,13,73,15399.27397260274,short,9628616.5,0.11675062559610719,Medium,18,3,0,0,0,0,0,0,0,0,0,0,0,0,0,0,0,0,0,0,0,0,0,0,0,0
H6q6pYZ9Fho,18,Veritasium,education,Why Is MIT Making Robot Insects?,9226834,142416,5670,1276,1.6049492166001902,1,16,534,17278.715355805245,long,9628616.5,0.9582720425099494,Medium,32,6,0,0,0,1,0,0,0,0,0,0,0,0,0,0,0,0,0,0,0,0,0,1,0,2
Rdj5-6t6QI8,18,Veritasium,education,Why Don’t Railroads Need Expansion Joints?,9982897,195050,6035,1640,2.0142950488220004,2,7,554,18019.669675090252,long,9628616.5,1.0367945384469306,Medium,42,6,0,0,0,1,0,0,0,0,0,0,0,0,0,0,0,0,0,0,0,0,0,1,0,2
zaXKQ70q4KQ,18,Veritasium,education,The Man Who Took LSD and Changed The World,10022017,252922,10961,2020,2.6330328515706967,3,14,560,17896.45892857143,very_long,9628616.5,1.0408574274403803,Medium,42,9,0,0,0,0,0,0,0,0,0,0,0,0,0,0,0,0,0,0,0,0,0,0,0,3
rjXZzB5bUAo,18,Veritasium,education,"This Is the Oldest, Weirdest Instrument On Earth",1998173,69155,2624,675,3.592231503478428,3,18,567,3524.1146384479716,long,9628616.5,0.20752441433304566,Low,48,8,0,0,0,0,0,0,0,0,0,0,0,0,0,0,0,0,0,0,0,0,0,0,0,2
pgGrQjYcm5A,18,Veritasium,education,Explaining Pi With Pizza,19978584,1012494,14471,57,5.140329264576509,2,15,575,34745.36347826087,short,9628616.5,2.0749174089548585,High,24,4,0,0,0,0,0,0,0,0,0,0,0,0,0,0,0,0,0,0,0,0,0,0,0,0
IFaAjR_RRJs,18,Veritasium,education,34 Years Of Strandbeest Evolution,9368741,180962,7673,1299,2.0134509001796506,5,0,580,16153.001724137932,long,9628616.5,0.9730100892480243,Medium,33,5,1,0,0,0,0,0,0,0,0,0,0,0,0,0,0,0,0,0,0,0,0,0,0,2
nfAqTSjMBJk,18,Veritasium,education,What Jumping Spiders Teach Us About Color,4840275,144503,9160,1957,3.174674992639881,3,19,770,6286.071428571428,very_long,9628616.5,0.5026968308479208,Low,41,7,0,0,0,0,0,0,0,0,0,0,0,0,0,0,0,0,0,0,0,0,0,0,1,3
WKvAsz3RoRE,18,Veritasium,education,This phone trick is IMPOSSIBLE,7477356,198961,5858,25,2.7391901629399484,4,15,783,9549.624521072798,short,9628616.5,0.7765763648391231,Medium,30,5,0,0,0,0,0,0,0,0,0,0,0,0,0,0,0,0,0,0,0,0,0,0,0,0
Zce-V0YVzeI,18,Veritasium,education,The Terrifying Real Science Of Avalanches,4266105,116385,3364,1504,2.806986700983684,4,16,797,5352.703889585947,long,9628616.5,0.44306521087427253,Low,41,6,0,0,0,0,0,0,0,0,0,0,0,0,0,0,0,0,0,0,0,0,0,0,0,2
6akmv1bsz1M,18,Veritasium,education,Something Strange Happens When You Follow Einstein's Math,34047641,572278,27521,2223,1.7616462767567362,1,6,800,42559.55125,very_long,9628616.5,3.5360885959057566,High,57,8,0,0,0,0,0,0,0,0,0,0,0,0,0,0,0,0,0,0,0,0,0,0,0,3
8fNFd2Xswjs,18,Veritasium,education,The most dangerous problem in math,17311902,701120,11026,60,4.113620791060393,2,15,806,21478.786600496278,short,9628616.5,1.79796360152053,Medium,34,6,0,0,0,0,0,0,0,0,0,0,0,0,0,0,0,0,0,0,0,0,0,0,0,0
scliyWrN7mk,18,Veritasium,education,How bikes *actually* work,15153147,661036,4381,60,4.391279250442169,2,16,813,18638.557195571957,short,9628616.5,1.5737616094690239,Medium,25,4,0,0,0,0,0,0,0,0,0,0,0,0,0,0,0,0,0,0,0,0,1,0,0,0
2FLqOI9jw-E,18,Veritasium,education,"I call this the 'No, You Don't' Law",43629990,1808124,7803,58,4.1621073027979145,2,17,820,53207.30487804878,short,9628616.5,4.531283388428649,High,35,8,0,0,0,0,0,0,0,0,0,0,0,0,0,0,0,0,0,0,0,0,0,0,0,0
sE-RUu9ClsU,18,Veritasium,education,Congress is about to make a huge mistake for astronomy #SaveChandra,22873944,1230076,39235,60,5.549156717354908,3,20,826,27692.426150121064,short,9628616.5,2.375621045868843,High,67,11,0,0,0,0,0,0,0,0,0,0,0,0,0,0,0,0,0,0,0,0,0,0,0,0
d6iQrh2TK98,18,Veritasium,education,Why is this number everywhere?,11842459,302688,35593,1431,2.8565097839899636,3,18,833,14216.637454981992,long,9628616.5,1.2299232189795908,Medium,30,5,0,0,0,1,0,0,0,0,0,0,0,0,0,0,1,0,0,0,0,0,0,1,0,2
Tt6WQYtefXA,18,Veritasium,education,How Japanese Masters Turn Sand Into Swords,21684392,410960,11596,1527,1.948664274285394,3,20,840,25814.75238095238,long,9628616.5,2.252077647915461,High,42,7,0,0,0,0,0,0,0,0,0,0,0,0,0,0,0,0,0,0,0,0,1,0,0,2
dAik8EeDyEI,18,Veritasium,education,I buried myself in concrete to explain how it works,6752742,209915,2183,59,3.140916682438038,2,17,848,7963.139150943396,short,9628616.5,0.701320070230235,Low,51,10,0,0,0,0,0,0,0,0,0,0,0,0,0,0,0,0,0,0,0,0,0,0,0,0
XX7PdJIGiCw,18,Veritasium,education,The Most Controversial Idea in Biology,8302063,253734,19967,1730,3.296782980326697,4,22,251,33075.948207171314,long,9628616.5,0.8622280262174737,High,38,6,0,0,0,0,0,0,0,0,0,0,0,0,0,0,0,0,0,0,0,0,0,0,0,2
tWRyiCP17do,18,Veritasium,education,Why didn't this skateboard stunt start from the top?,2553673,44618,849,79,1.7804550543472089,2,16,253,10093.569169960474,short,9628616.5,0.26521702261171165,Medium,52,9,0,0,0,1,0,0,0,0,0,0,0,0,0,0,0,0,0,0,0,0,0,1,0,0
Zrv1EDIqHkY,18,Veritasium,education,The Oldest Unsolved Problem in Math,20958739,377214,21582,1893,1.9027671464394875,4,0,854,24541.848946135833,very_long,9628616.5,2.1767134457998196,High,35,6,0,0,0,0,0,0,0,0,0,0,0,0,0,0,0,0,0,0,0,0,0,0,0,3
6bgNm9l_3qU,18,Veritasium,education,I Vacuum Venom from the World's Deadliest Spider,2846308,96389,3296,541,3.5022562561746655,2,14,1114,2555.0341113105924,medium,9628616.5,0.29560923939591943,Low,48,8,0,0,0,0,0,0,0,0,0,0,0,0,0,0,0,0,0,0,0,0,0,0,0,1
h830G5mkTF4,18,Veritasium,education,How To Solve a Quadratic Equation,4825672,154676,1894,154,3.244522213693761,6,13,256,18850.28125,medium,9628616.5,0.5011802058997781,Medium,33,6,0,0,0,0,0,0,0,0,0,0,0,0,0,0,0,0,0,0,0,0,1,0,0,1
kh9OmFBg8qI,18,Veritasium,education,How To See Atoms,9157917,235078,2170,64,2.590632782542144,4,13,265,34558.17735849057,short,9628616.5,0.9511145240855735,High,16,4,0,0,0,0,0,0,0,0,0,0,0,0,0,0,0,0,0,0,0,0,1,0,0,0
S7xvqDUPoJo,18,Veritasium,education,Renting A Helicopter To Settle A Physics Debate,15330090,406195,9258,94,2.7100493213020926,3,14,273,56154.17582417582,short,9628616.5,1.592138392883339,High,47,8,0,0,0,0,0,0,0,0,0,0,0,0,0,0,0,0,0,0,0,0,0,0,0,0
CYlon2tvywA,18,Veritasium,education,Can you really reach anyone in 6 steps?,10566844,277240,13527,1997,2.751691990531894,1,22,282,37471.0780141844,very_long,9628616.5,1.0974415690976995,High,39,8,1,0,0,1,0,0,0,0,0,0,0,0,0,0,0,0,0,0,0,0,0,0,0,3
onr80iOoEXs,18,Veritasium,education,The Man Who Fooled The World,10399233,218131,11233,2769,2.205585738871319,6,14,291,35736.19587628866,very_long,9628616.5,1.080033979959634,High,28,6,0,0,0,0,0,0,0,0,0,0,0,0,0,0,0,0,0,0,0,0,0,0,0,3
MVFd0qFB9TE,18,Veritasium,education,Why don't trains make *that* sound anymore?,5192527,156537,1889,63,3.0510385405795675,4,13,76,68322.72368421052,short,9628616.5,0.5392806952068347,Viral,43,7,0,0,0,1,0,0,0,0,0,0,0,0,0,0,0,0,0,0,0,0,0,1,0,0
h2KFNdLqAiU,18,Veritasium,education,The Most Radioactive Place On Earth,7898266,318250,7172,93,4.12017017406099,6,13,81,97509.45679012345,short,9628616.5,0.820290848638535,Viral,35,6,0,0,0,0,0,0,0,0,0,0,0,0,0,0,0,0,0,0,0,0,0,0,0,0
PPJ6NJkmDAo,18,Veritasium,education,"How easy is it to steal $10,000 from a locked phone?",6750372,213908,17422,1544,3.426922249618243,2,16,85,79416.14117647058,long,9628616.5,0.7010739289491902,Viral,52,11,1,1,0,1,0,0,0,0,0,0,0,0,0,0,0,0,0,0,0,0,1,0,0,2
2GUah9xHVto,18,Veritasium,education,Can something go faster than it’s pushed?,9035475,217352,4348,62,2.453661816340591,3,11,91,99290.93406593407,short,9628616.5,0.9383980554215655,Viral,41,7,0,0,0,1,0,0,0,0,0,0,0,0,0,0,0,0,0,0,0,0,0,0,0,0
q6WlXhtVvkg,18,Veritasium,education,How to solve any maze,9681805,400097,2575,176,4.159059183695602,3,13,294,32931.30952380953,medium,9628616.5,1.005524002332007,High,21,5,0,0,0,0,0,0,0,0,0,0,0,0,0,0,0,0,0,0,0,0,1,0,0,1
jjp3WC8Unj8,18,Veritasium,education,"If dropping 0.1 grams of antimatter destroys a city, then why are we making it?",8863873,175258,12317,3534,2.1161742728037733,6,20,95,93303.92631578947,very_long,9628616.5,0.9205759726747866,Viral,79,15,1,0,0,1,0,0,0,0,0,0,0,0,0,0,0,0,0,0,0,0,0,0,0,3
Bt3boxwRF84,18,Veritasium,education,World’s Largest Spiderweb,4005904,111270,3200,80,2.8575322823512495,5,14,152,26354.63157894737,short,9628616.5,0.41604149464255846,High,25,3,0,0,0,0,0,0,0,0,0,0,0,0,0,0,0,0,0,0,0,0,0,0,0,0
6HVYHNTDOFs,18,Veritasium,education,Why Cold Drinks Were Deadly Before 1914,8130882,240698,15016,1817,3.144972464241887,1,15,156,52121.03846153846,very_long,9628616.5,0.8444496673016315,High,39,7,1,0,0,0,0,0,0,0,0,0,0,0,0,0,0,0,0,0,0,0,0,1,0,3
XKSjCOKDtpk,18,Veritasium,education,The Tiny Donut That Proved We Still Don't Understand Magnetism,8815487,186291,10406,2153,2.23126640649575,3,22,161,54754.57763975155,very_long,9628616.5,0.9155507439724077,High,62,10,0,0,0,0,0,0,0,0,0,0,0,0,0,0,0,0,0,0,0,0,0,0,0,3
b8XVCsXyIZs,18,Veritasium,education,What Happens When You Spin a Football?,2001730,27050,695,118,1.3860510658280587,6,13,298,6717.214765100671,short,9628616.5,0.20789383396877423,Low,38,7,0,0,0,1,0,0,0,0,0,0,0,0,0,0,0,0,0,0,0,0,0,0,1,0
w2TLv30F6UU,18,Veritasium,education,How They Prevented The Citicorp Disaster,4364713,130664,1983,89,3.0390772543349356,3,14,168,25980.434523809523,short,9628616.5,0.45330634987902985,High,40,6,0,0,0,0,0,0,0,0,0,0,0,0,0,0,0,0,0,0,0,0,1,0,0,0
P-4pbFcERnk,18,Veritasium,education,What Happens If You Keep Slowing Down?,10196502,192111,6247,1809,1.9453534162990407,0,18,171,59628.666666666664,very_long,9628616.5,1.058978930150557,High,38,7,0,0,0,1,0,0,0,0,0,0,0,0,0,0,0,0,0,0,0,0,0,0,1,3
itSkBESLZeY,18,Veritasium,education,What happens if you cut the green rope?,36725240,515702,5883,67,1.4202357833468209,3,14,175,209858.51428571428,short,9628616.5,3.814176211089101,Viral,39,8,0,0,0,1,0,0,0,0,0,0,0,0,0,0,0,0,0,0,0,0,0,0,1,0
fkxoaD47-Vo,18,Veritasium,education,You're Only 6 Steps Away From Anyone On Earth,3734940,110759,1276,74,2.9996465806679624,4,14,181,20635.027624309394,short,9628616.5,0.38789996465224263,Medium,45,9,1,0,0,0,0,0,0,0,0,0,0,0,0,0,0,0,1,0,0,0,0,0,0,0
tZ8ehplVFp4,18,Veritasium,education,Why Do Escalator Steps Have Teeth?,15816470,355090,16231,1338,2.347685671960937,3,14,301,52546.41196013289,long,9628616.5,1.6426523997502653,High,34,6,0,0,0,1,0,0,0,0,0,0,0,0,0,0,0,0,0,0,0,0,0,1,0,2
MiUHjLxm3V0,18,Veritasium,education,The World's Most Important Machine,31176210,670369,27788,3300,2.239390227356051,2,15,190,164085.31578947368,very_long,9628616.5,3.2378701550736806,Viral,34,5,0,0,0,0,0,0,0,0,0,0,0,0,0,0,0,0,0,0,0,0,0,0,0,3
CxVXvFOPIyQ,18,Veritasium,education,Exposing Why Farmers Can't Legally Replant Their Own Seeds,20992663,512911,40649,2819,2.6369212900716787,6,19,312,67284.17628205128,very_long,9628616.5,2.180236693402422,High,58,9,0,0,0,0,0,0,0,0,0,0,0,0,0,0,0,0,0,0,0,0,0,0,0,3
ksn5yrsC3Wg,18,Veritasium,education,The Crystal That Could Destroy All Medicine,8984738,229739,13351,2005,2.7055880761353306,2,20,71,126545.60563380281,very_long,9628616.5,0.9331286587226731,Viral,43,7,0,0,0,0,0,0,0,0,0,0,0,0,0,0,0,0,0,0,0,0,0,0,0,3
AUmHqD0lGHo,18,Veritasium,education,How A Random System Can Actually Be Predictable,1461289,46107,853,110,3.2136011425529105,0,13,31,47138.354838709674,short,9628616.5,0.1517652094670091,High,47,8,0,0,0,0,0,0,0,0,0,0,0,0,0,0,0,0,0,0,0,0,1,0,0,0
b_SZC8oIsBw,18,Veritasium,education,AD - How do cities control traffic? We partnered with Anker to find out…,260101,3909,208,79,1.5828466634115208,4,12,34,7650.029411764706,short,9628616.5,0.027013330523653113,Low,72,14,0,0,0,1,0,0,0,0,0,0,0,0,0,0,0,0,0,0,0,0,0,0,0,0
tz23G_UXCGA,18,Veritasium,education,Something is jamming GPS over Europe. Here's what we found,7142850,220199,16273,2057,3.31061131061131,4,7,34,210083.82352941178,very_long,9628616.5,0.7418355482327083,Viral,58,10,0,0,0,0,0,0,0,0,0,0,0,0,0,0,0,0,0,0,0,0,0,0,0,3
kS-CGkiPetQ,18,Veritasium,education,Google Maps is unreasonably fast. Let me explain,5397879,126266,4586,1794,2.4241373324596567,5,14,40,134946.975,long,9628616.5,0.5606079544241896,Viral,48,8,0,0,0,0,0,0,0,0,0,0,0,0,0,0,0,0,0,0,0,0,0,0,0,2
OgFf_J1CP0g,18,Veritasium,education,How An Infinite Hotel Ran Out Of Room,527890,11617,938,160,2.3783363958400425,3,13,42,12568.809523809523,medium,9628616.5,0.05482511428303329,Medium,37,8,0,0,0,0,0,0,0,0,0,0,0,0,0,0,0,0,0,0,0,0,1,0,0,1
fF32B_sOVHA,18,Veritasium,education,Can you solve the hat riddle?,824842,20948,793,74,2.635777518603563,5,13,47,17549.82978723404,short,9628616.5,0.08566568208423297,Medium,29,6,0,0,0,1,0,0,0,0,0,0,0,0,0,0,0,0,0,0,0,0,0,0,0,0
Xr2yp8JA9LU,18,Veritasium,education,How many batteries would it take to power a human?,343025,8733,1457,105,2.9706289629035787,2,15,50,6860.5,short,9628616.5,0.03562557507612854,Low,50,10,0,0,0,1,0,0,0,0,0,0,0,0,0,0,0,0,0,0,0,0,1,0,0,0
zXvygWE3Ess,18,Veritasium,education,How Alpha Particles Can Break Computer Chips,3725848,113202,1811,127,3.0868945807773156,4,13,55,67742.6909090909,medium,9628616.5,0.3869556960753396,Viral,44,7,0,0,0,0,0,0,0,0,0,0,0,0,0,0,0,0,0,0,0,0,1,0,0,1
7F4pY8Td9QQ,18,Veritasium,education,The Surprising Genius Of Sewing Machines,1032073,24482,315,73,2.40264012332461,6,13,60,17201.216666666667,short,9628616.5,0.10718808875605337,Medium,40,6,0,0,0,0,0,0,0,0,0,0,0,0,0,0,0,0,0,0,0,0,0,0,0,0
SVTPv4sI_Jc,18,Veritasium,education,The CIA's new tech doesn't make sense,2536620,74970,5686,1278,3.1796642776608244,6,19,67,37860.0,long,9628616.5,0.2634459478160751,High,37,7,0,0,0,0,0,0,0,0,0,0,0,0,0,0,0,0,0,0,0,0,0,0,0,2
Ni82f1-cAXg,18,Veritasium,education,Why Super Glue Is Perfect For Gluing Skin,16226472,277924,8900,1580,1.7676300800321847,1,19,527,30790.26944971537,long,9628616.5,1.685234010514387,High,41,8,0,0,0,0,0,0,0,0,0,0,0,0,0,0,0,0,0,0,0,0,0,1,0,2
BU5HwNyE4mk,18,Veritasium,education,The Bizarre Behaviour Of Rotating Bodies,3484229,85874,1294,93,2.501787339465919,3,11,98,35553.357142857145,short,9628616.5,0.3618618521155142,High,40,6,0,0,0,0,0,0,0,0,0,0,0,0,0,0,0,0,0,0,0,0,0,0,0,0
YSJY3DvnybE,18,Veritasium,education,The Secret Spy Tech Inside Every Credit Card,5637117,176540,8971,1723,3.2908843297025765,3,17,105,53686.828571428574,long,9628616.5,0.5854545146750834,High,44,8,0,0,0,0,0,0,0,0,0,0,0,0,0,0,1,0,0,0,0,0,0,0,0,2
zP5uhMpH4mE,18,Veritasium,education,How Pressure Can Come From *Nothing*,4829797,135930,1853,75,2.8527700025487617,1,14,107,45138.28971962617,short,9628616.5,0.5016086163572928,High,36,6,0,0,0,0,0,0,0,0,0,0,0,0,0,0,0,0,0,0,0,0,1,0,0,0
9szhjhO9epA,18,Veritasium,education,Making A Giant Zipper To Explain How They Work,8988203,237846,8714,1245,2.7431512172121613,3,21,112,80251.8125,long,9628616.5,0.9334885235069856,Viral,46,9,0,0,0,0,0,0,0,0,0,0,0,0,0,0,0,0,0,0,0,0,0,0,0,2
R8oiho_gKSo,18,Veritasium,education,The Shadow Illusion,3748014,120365,1690,58,3.2565246554575302,3,15,119,31495.915966386554,short,9628616.5,0.3892577921241333,High,19,3,0,0,0,0,0,0,0,0,0,0,0,0,0,0,0,0,0,0,0,0,0,0,0,0
Ol18JoeXlVI,18,Veritasium,education,This Paradox Splits Smart People 50/50,7864454,220732,78608,1540,3.806240077187813,0,16,122,64462.737704918036,long,9628616.5,0.8167792330289612,High,38,6,1,0,0,0,0,0,0,0,0,0,0,0,0,0,0,0,0,0,0,0,0,0,0,2
DJ_5_JS9_Rs,18,Veritasium,education,You Can't Feel Wet,5818734,217586,2224,54,3.7776258546962276,0,2,130,44759.49230769231,short,9628616.5,0.604316726084168,High,18,4,0,0,0,0,0,0,0,0,0,0,0,0,0,0,0,0,0,0,0,0,0,0,0,0
aoag03mSuXQ,18,Veritasium,education,The Internet Was Weeks Away From Disaster and No One Knew,14298851,383958,25702,3180,2.8649854453340344,2,20,134,106707.84328358209,very_long,9628616.5,1.485036920932514,Viral,57,11,0,0,0,0,0,0,0,0,0,0,0,0,0,0,0,0,0,0,0,0,0,0,0,3
qtPPfM7Tz1o,18,Veritasium,education,The Crazy Physics of Jet Engines,3449310,85221,960,175,2.498499699939988,6,3,138,24995.0,medium,9628616.5,0.3582352667177055,High,32,6,0,0,0,0,0,0,0,0,0,0,0,0,0,0,0,0,0,0,0,0,0,0,0,1
cMx139eTxoc,18,Veritasium,education,The asbestos problem is worse than we thought,9722859,307873,21151,3286,3.3840252131600383,1,21,142,68470.83802816902,very_long,9628616.5,1.0097877509193558,Viral,45,8,0,0,0,0,0,0,0,0,0,0,0,0,1,0,0,0,0,0,0,0,0,0,0,3
Bl0WZvAeDik,18,Veritasium,education,Rubber used to be useless…,7044947,231721,1776,98,3.314389732101604,3,15,147,47924.80952380953,short,9628616.5,0.7316676284697807,High,26,5,0,0,0,0,0,0,0,0,0,0,0,0,0,0,0,0,0,0,0,0,0,0,0,0
piHGnG4LsmQ,18,Veritasium,education,The Future of Veritasium,4966308,431705,32049,1055,9.338003200768055,2,14,197,25209.685279187815,long,9628616.5,0.5157862502883981,High,24,4,0,0,0,0,0,0,0,0,0,0,0,0,0,0,0,0,0,0,0,0,0,0,0,2
NIk_0AW5hFU,18,Veritasium,education,There Is Something Faster Than Light,14441519,282549,26559,2656,2.1404119608193573,4,6,202,71492.66831683168,very_long,9628616.5,1.499854002908933,Viral,36,6,0,0,0,0,0,0,0,0,0,0,0,0,0,0,0,0,0,0,0,0,0,0,0,3
nMqWWO6p7-c,18,Veritasium,education,What is this strange pattern down the east coast of America?,1362438,46628,838,124,3.4839016527724564,3,14,210,6487.8,medium,9628616.5,0.14149883319166362,Low,60,11,0,0,0,1,0,0,0,0,0,0,0,0,0,0,0,0,0,0,0,0,0,0,1,1
Y-W-w8yNiKU,18,Veritasium,education,Weird Things Happen When Energy Goes Negative,8860446,236749,11789,2123,2.8050280990370013,4,9,216,41020.583333333336,very_long,9628616.5,0.9202200544595374,High,45,7,0,0,0,0,0,0,0,0,0,0,0,0,0,0,0,0,0,0,0,0,0,0,0,3
Bb0uDpvitoE,18,Veritasium,education,I Turned My Phone Into A Microscope,1459611,51419,923,102,3.586023947476417,3,15,224,6516.120535714285,short,9628616.5,0.15159093728574607,Low,35,7,0,0,0,0,0,0,0,0,0,0,0,0,0,0,0,0,0,0,0,0,0,0,0,0
HBluLfX2F_k,18,Veritasium,education,You've (Likely) Been Playing The Game of Life Wrong,9536821,230468,10165,2713,2.5231992925105757,2,21,225,42385.87111111111,very_long,9628616.5,0.990466387356896,High,51,9,0,0,0,0,0,0,0,0,0,0,0,0,0,0,0,0,0,0,0,0,0,0,0,3
gGtuw7Rejtk,18,Veritasium,education,How Strong Is Super Glue?,4464958,91524,628,44,2.0638939940756442,4,14,230,19412.86086956522,short,9628616.5,0.46371750292474523,Medium,25,5,0,0,0,1,0,0,0,0,0,0,0,0,0,0,0,0,0,0,0,0,1,0,0,0
QtxVdC7pBQM,18,Veritasium,education,The Ridiculous Engineering of Jet Engines,13330490,263581,11429,2374,2.063014937935515,0,7,234,56967.905982905984,very_long,9628616.5,1.3844657744962634,High,41,6,0,0,0,0,0,0,0,0,0,0,0,0,0,0,0,0,0,0,0,0,0,0,0,3
9M_QK4stCJU,18,Veritasium,education,Why People Are So Confident When They're Wrong,5949071,182506,11726,1442,3.264913126772231,2,23,239,24891.510460251047,long,9628616.5,0.6178531463995892,High,46,8,0,0,0,0,0,0,0,0,0,0,0,0,0,0,0,0,0,0,0,0,0,1,0,2
HVySQLuxLkI,18,Veritasium,education,Seeing Inside A Thermite Reaction,6719986,298833,4036,153,4.506988556226159,0,14,241,27883.759336099585,medium,9628616.5,0.697918127697785,High,33,5,0,0,0,0,0,0,0,0,0,0,0,0,0,0,0,0,0,0,0,0,0,0,0,1
OW9Mq3wrEqY,18,Veritasium,education,How aerogel can make the ocean drinkable,4902245,311532,3739,163,6.431155521602857,3,13,315,15562.682539682539,medium,9628616.5,0.5091328541333014,Medium,40,7,0,0,0,0,0,0,0,0,0,0,0,0,0,0,0,0,0,0,0,0,1,0,0,1
AFXLZ7FEJc4,18,Veritasium,education,This is the natural disaster to worry about,9513814,208951,12540,2467,2.3280989096486437,4,17,321,29638.04984423676,very_long,9628616.5,0.9880769475033095,High,43,8,0,0,0,0,0,0,0,0,0,0,0,0,0,0,0,0,0,0,0,0,0,0,0,3
zQ2ZJuUJeyo,18,Veritasium,education,Can you swim in shade balls?,64407033,2141592,22671,148,3.360289861512484,1,8,324,198787.13888888888,medium,9628616.5,6.689126418110016,Viral,28,6,0,0,0,1,0,0,0,0,0,0,0,0,0,0,0,0,0,0,0,0,0,0,0,1
y2y8ME02lX4,18,Veritasium,education,Testing the US Military’s worst idea,22329802,613043,13610,60,2.806352694036427,3,13,329,67871.7386018237,short,9628616.5,2.3191080463117415,Viral,36,6,0,0,0,0,0,0,0,0,0,0,0,0,0,1,0,0,0,0,0,0,0,0,0,0
AGglJehON5g,18,Veritasium,education,The Perfect Battery Material Is Dangerous,12594402,223703,9111,2082,1.8485514437287294,3,15,336,37483.33928571428,very_long,9628616.5,1.30801782374446,High,41,6,0,0,0,0,0,0,0,0,0,0,0,0,0,0,0,0,0,0,0,0,0,0,0,3
UKfnXd3x-rw,18,Veritasium,education,The blue LED was almost impossible to make,8176541,318680,2264,103,3.9251805867542275,5,13,341,23978.126099706744,short,9628616.5,0.849191677745188,High,42,8,0,0,0,0,0,0,0,0,0,0,0,0,0,0,0,0,0,0,0,0,0,0,0,0
KZeIEiBrT_w,18,Veritasium,education,The Strange Math That Predicts (Almost) Anything,12160174,278414,9458,1952,2.3673345463642215,4,22,349,34842.905444126074,very_long,9628616.5,1.2629201713454887,High,48,7,0,0,0,0,0,0,0,0,0,0,0,0,0,0,0,0,0,0,0,0,0,0,0,3
za_HO2E3JEU,18,Veritasium,education,Why do all animals jump to about the same height?,12386530,527211,6318,99,4.307332239133962,3,13,350,35390.08571428571,short,9628616.5,1.286428844683969,High,49,10,0,0,0,1,0,0,0,0,0,0,0,0,0,0,0,0,0,0,0,0,0,1,0,0
49NikeBCzWo,18,Veritasium,education,Why did light bulb lifetimes get shorter?,6579389,211073,7303,96,3.3190923959656433,3,18,357,18429.66106442577,short,9628616.5,0.6833161337353088,Medium,41,7,0,0,0,1,0,0,0,0,0,0,0,0,0,0,0,0,0,0,0,0,0,1,0,0
-QTkPfq7w1A,18,Veritasium,education,This mechanism shrinks when pulled,12372264,264026,11132,1387,2.223990694023341,0,18,374,33080.91978609626,long,9628616.5,1.2849472195719915,High,34,5,0,0,0,0,0,0,0,0,0,0,0,0,0,0,0,0,0,0,0,0,0,0,0,2
Jqz_YuyXKJI,18,Veritasium,education,There are 96 million black balls on this lake,8417549,225574,4689,67,2.7355112515531537,1,16,380,22151.444736842106,short,9628616.5,0.8742220650287609,Medium,45,9,1,0,0,0,0,0,0,0,0,0,0,0,0,0,0,0,0,0,0,0,0,0,0,0
x32Zq-XvID4,18,Veritasium,education,The Obviously True Theorem No One Can Prove,9071071,177691,11045,2554,2.0806363438231275,4,13,384,23622.580729166668,very_long,9628616.5,0.9420949520629469,High,43,8,0,0,0,0,0,0,0,0,0,0,0,0,0,0,0,0,0,0,0,0,0,0,0,3
J3i3F2e4IYs,18,Veritasium,education,The Biggest Misconception in Football (ft. Tom Brady),8755846,184456,9674,1637,2.217147263668182,6,5,404,21672.88613861386,long,9628616.5,0.909356603827767,Medium,53,8,0,0,0,0,0,0,0,0,0,0,0,0,0,0,0,0,0,0,0,0,0,0,0,2
zeZddwimLc8,18,Veritasium,education,Why do planes fly so high?,10700919,293710,2674,64,2.7697060411353456,2,14,414,25847.630434782608,short,9628616.5,1.1113662071804398,High,26,6,0,0,0,1,0,0,0,0,0,0,0,0,0,0,0,0,0,0,0,0,0,1,0,0
SC2eSujzrUY,18,Veritasium,education,How One Company Secretly Poisoned The Planet,35079143,759230,45993,3248,2.2954466133907547,2,14,421,83323.38004750594,very_long,9628616.5,3.643217382268782,Viral,44,7,0,0,0,0,0,0,0,0,0,0,0,0,0,0,0,0,0,0,0,0,1,0,0,3
Q56PMJbCFXQ,18,Veritasium,education,How a Student's Question Saved This NYC Skyscraper,24937717,424366,21503,2019,1.7879303065312675,5,20,439,56805.733485193625,very_long,9628616.5,2.5899584846898827,High,50,8,0,0,0,0,0,0,0,0,0,0,0,0,0,0,0,0,0,0,0,0,1,0,0,3
4LYlMqBXTJI,18,Veritasium,education,Why we put spiders on soccer balls,31553480,0,21386,62,0.0,1,16,443,71226.8171557562,short,9628616.5,3.277052315875287,Viral,34,7,0,0,0,0,0,0,0,0,0,0,0,0,0,0,0,0,0,0,0,0,0,1,0,0
lcjdwSY2AzM,18,Veritasium,education,The Biggest Misconception in Physics,13167817,288681,15912,1660,2.3131624626921834,0,16,451,29196.93348115299,long,9628616.5,1.367571031622248,High,36,5,0,0,0,0,0,0,0,0,0,0,0,0,0,0,0,0,0,0,0,0,0,0,0,2
ZC98ZK6Ivug,18,Veritasium,education,Can you solve this SAT question?,10431927,171004,5142,93,1.6885279201052692,1,16,457,22826.97374179431,short,9628616.5,1.083429483353086,Medium,32,6,0,0,0,1,0,0,0,0,0,0,0,0,0,0,0,0,0,0,0,0,0,0,0,0
_cr46G2K5Fo,18,Veritasium,education,The Most Controversial Idea In Math,14303407,288456,19942,1981,2.156115672301012,2,10,463,30892.88768898488,very_long,9628616.5,1.4855100937917716,High,35,6,0,0,0,0,0,0,0,0,0,0,0,0,0,0,0,0,0,0,0,0,0,0,0,3
DCiPrr-dQyw,18,Veritasium,education,Can you solve the prisoner's riddle?,7803351,213388,2930,102,2.7721167483046703,0,15,472,16532.523305084746,short,9628616.5,0.8104332538324691,Medium,36,6,0,0,0,1,0,0,0,0,0,0,0,0,0,0,0,0,0,0,0,0,0,0,0,0
20vUNgRdB4o,18,Veritasium,education,"How this helicopter survived 1004 days on Mars, then disappeared...",11193691,187411,9279,1748,1.757150523451112,3,22,476,23516.157563025212,long,9628616.5,1.1625440685066228,Medium,67,10,1,0,0,0,0,0,0,0,0,0,0,0,0,0,0,0,0,0,1,0,1,0,0,2
qJZ1Ez28C-A,18,Veritasium,education,Something Strange Happens When You Trust Quantum Mechanics,18699168,396840,22514,1981,2.2426345386062096,2,2,492,38006.439024390245,very_long,9628616.5,1.9420409983095703,High,58,8,0,0,0,0,0,0,0,0,0,0,0,0,0,0,0,0,0,0,0,0,0,0,0,3
dFVrncgIvos,18,Veritasium,education,The Blender Question Everyone Gets Wrong,9978817,229520,22944,1213,2.529999297511919,1,16,506,19720.982213438736,long,9628616.5,1.036370801558043,Medium,40,6,0,0,0,0,0,0,0,0,0,0,0,0,0,0,1,0,0,0,0,0,0,0,0,2
mqo1lQL59VI,18,Veritasium,education,This Is The Perfect Bowling Strategy,2756768,107841,881,126,3.9438211702979724,4,16,510,5405.427450980392,medium,9628616.5,0.2863098763981305,Low,36,6,0,0,0,0,0,0,0,0,0,0,0,0,0,0,0,0,0,0,0,0,0,0,0,1
P_fHJIYENdI,18,Veritasium,education,AlphaFold - The Most Useful Thing AI Has Ever Done,10700667,322552,12907,1492,3.1349354203808044,0,14,514,20818.418287937744,long,9628616.5,1.111340035196126,Medium,50,10,0,0,0,0,0,0,0,0,0,0,0,0,0,0,0,0,0,0,0,0,0,0,0,2
88bMVbx1dzM,18,Veritasium,education,Can You Keep Zooming In Infinitely?,27213220,426170,13580,1289,1.6159425455716008,2,15,519,52433.94990366088,long,9628616.5,2.826285583188405,High,35,6,0,0,0,1,0,0,0,0,0,0,0,0,0,0,0,0,0,0,0,0,0,0,0,2
24GfgNtnjXc,18,Veritasium,education,What They (Probably) Don't Teach You About Rainbows At School,9672791,248863,12007,1631,2.6969465172978513,6,11,585,16534.68547008547,long,9628616.5,1.0045878346073913,Medium,61,10,0,0,0,0,0,0,0,0,0,0,0,0,0,0,0,0,0,0,0,0,0,0,1,2
NKG0pRwTC5A,18,Veritasium,education,How Dishwashers Actually Work,1856440,54968,2998,112,3.122427872702592,6,20,592,3135.8783783783783,short,9628616.5,0.19280443872699676,Low,29,4,0,0,0,0,0,0,0,0,0,0,0,0,0,0,0,0,0,0,0,0,1,0,0,0
zTDFhWWPZ4Q,18,Veritasium,education,What Actually Happened To Amelia Earhart?,14520786,249949,13656,2196,1.815363162848072,2,18,596,24363.734899328858,very_long,9628616.5,1.5080864421176188,High,41,6,0,0,0,1,0,0,0,0,0,0,0,0,0,0,0,0,0,0,0,0,0,0,1,3
0MX-5BDeEnA,18,Veritasium,education,The BEST way to tie your shoelaces,5951895,205587,5295,60,3.5431068592439887,5,15,600,9919.825,short,9628616.5,0.6181464387952309,Medium,34,7,0,0,0,0,0,0,0,0,0,0,0,0,1,0,0,0,0,0,0,0,0,0,0,0
2oDXbFcHliM,18,Veritasium,education,The Most Important Material Ever Made,9314102,220636,10539,1343,2.481989138620127,2,20,603,15446.271973466004,long,9628616.5,0.9673354422205932,Medium,37,6,0,0,0,0,0,0,0,0,0,0,0,0,0,0,0,0,0,0,0,0,0,0,0,2
zB_OApdxcno,18,Veritasium,education,"On These Math Problems, Smarter People Do Worse",6019850,223334,17048,875,3.9931559756472335,0,16,612,9836.356209150326,long,9628616.5,0.6252040467080603,Medium,47,8,0,0,0,0,0,0,0,0,0,0,0,0,0,0,0,0,0,0,0,0,0,0,0,2
Q10_srZ-pbs,18,Veritasium,education,The Closest We’ve Come to a Theory of Everything,17036970,373723,14460,1964,2.2784744000840527,1,12,618,27567.912621359224,very_long,9628616.5,1.769409966634355,High,48,9,0,0,0,0,0,0,0,0,0,0,0,0,0,0,1,0,0,0,0,0,0,0,0,3
ORxKf1FN3ro,18,Veritasium,education,The real science of black holes,32589559,0,16592,58,0.0,2,15,631,51647.47860538827,short,9628616.5,3.3846564560962626,High,31,6,0,0,0,0,0,0,0,0,0,0,0,0,0,0,0,0,0,0,0,0,0,0,0,0
DJO_9auJhJQ,18,Veritasium,education,"We Might Find Alien Life In 1,796 Days",15128236,310532,11641,1075,2.129613789737283,4,18,636,23786.53459119497,long,9628616.5,1.5711744257339566,High,38,8,1,0,0,0,0,0,0,0,0,0,0,0,0,0,0,0,0,0,1,0,0,0,0,2
cUBz04LlLVk,18,Veritasium,education,"People said this experiment was impossible, so I tried it - Thermite Part 1",9584442,231906,9436,2089,2.518059997650359,5,17,642,14929.03738317757,very_long,9628616.5,0.9954121653926086,Medium,75,14,1,0,0,0,0,0,0,0,0,0,0,0,0,0,0,0,0,0,0,0,0,0,0,3
w5ebcowAJD8,18,Veritasium,education,I built a QR code with my bare hands to see how it works,9573602,273709,11855,2113,2.9828271532491115,0,18,647,14796.911901081916,very_long,9628616.5,0.9942863546387999,Medium,56,14,0,0,0,0,0,0,0,0,0,0,0,0,0,0,0,0,0,0,0,0,0,0,0,3
wVyu7NB7W6Y,18,Veritasium,education,Exposing The Flaw In Our Phone System,10804043,365210,14356,1915,3.5131848327519615,5,23,656,16469.57774390244,very_long,9628616.5,1.1220763647612302,Medium,37,7,0,0,0,0,0,0,0,0,0,0,0,0,0,0,0,0,0,0,0,0,0,0,0,3
vjDYfvPW4mA,18,Veritasium,education,What Everyone Gets Wrong About Planes,15740951,303346,10524,1129,1.9939710122977956,5,23,677,23251.035450516985,long,9628616.5,1.6348092168797044,Medium,37,6,0,0,0,0,0,0,0,0,0,0,0,0,0,0,1,0,0,0,0,0,0,0,1,2
qf7ws2DF-zk,18,Veritasium,education,Why Democracy Is Mathematically Impossible,9302121,315333,23192,1414,3.639223785629105,1,21,681,13659.502202643172,long,9628616.5,0.9660911305378088,Medium,42,5,0,0,0,0,0,0,0,0,0,0,0,0,0,0,0,0,0,0,0,0,0,1,0,2
nhW0FLEqUkk,18,Veritasium,education,What Do You Hear?,7395611,369090,11814,60,5.150406098968699,4,20,692,10687.299132947977,short,9628616.5,0.7680865677846864,Medium,17,4,0,0,0,1,0,0,0,0,0,0,0,0,0,0,0,0,0,0,0,0,0,0,1,0
Sn07AMCfaAI,18,Veritasium,education,These Illusions Fool Almost Everyone,5304436,158196,20600,1495,3.370688231510381,2,17,694,7643.279538904899,long,9628616.5,0.5509032372407812,Low,36,5,0,0,0,0,0,0,0,0,0,0,0,0,0,0,1,0,0,0,0,0,0,0,0,2
eLVAMG_3fLg,18,Veritasium,education,The Real Reason Robots Shouldn’t Look Like Humans | Supercut,5960942,97224,4376,3600,1.704428595346172,2,18,708,8419.409604519775,very_long,9628616.5,0.6190860338035065,Low,60,10,0,0,0,0,0,0,0,0,0,0,0,0,0,0,0,0,0,0,0,0,0,0,0,3
v4r71kEdYME,18,Veritasium,education,Why People Prefer More Pain,4792954,177292,8158,1023,3.86922136118978,1,20,744,6442.14247311828,long,9628616.5,0.49778220993639116,Low,27,5,0,0,0,0,0,0,0,0,0,0,0,0,0,0,0,0,0,0,0,0,0,1,0,2
A5w-dEgIU1M,18,Veritasium,education,The Equation That Beat Wall Street,17165135,351823,10376,1811,2.1100853561594475,1,15,863,19890.07531865585,very_long,9628616.5,1.782720809370692,Medium,34,6,0,0,0,0,0,0,0,0,0,0,0,0,0,0,0,0,0,0,0,0,0,0,0,3
ov_7HT8bbX4,18,Veritasium,education,World's strongest magnet!,17893937,698257,3868,55,3.9238150888761933,2,17,869,20591.411967779055,short,9628616.5,1.8584120574331733,Medium,25,3,0,0,0,0,1,0,0,0,0,0,0,0,0,0,0,0,0,0,0,0,0,0,0,0
AF8d72mA41M,18,Veritasium,education,Why It Was Almost Impossible to Make the Blue LED,49917788,1024895,33621,2025,2.120518641571217,3,16,882,56596.13151927438,very_long,9628616.5,5.184315732171907,High,49,10,0,0,0,0,0,0,0,0,0,0,0,0,0,0,0,0,0,0,0,0,0,1,0,3
QAWnEVa9vmw,18,Veritasium,education,I waterproofed myself with aerogel!,62954293,2605110,20569,59,4.170770371450284,3,14,889,70814.727784027,short,9628616.5,6.538249082825139,Viral,35,5,0,0,0,0,1,0,0,0,0,0,0,0,0,0,0,0,0,0,0,0,0,0,0,0
lGJEihgN4OU,18,Veritasium,education,The Rainiest Place On Earth,8068570,138174,3772,902,1.7592460621894586,4,17,895,9015.162011173185,long,9628616.5,0.8379781248946824,Medium,27,5,0,0,0,0,0,0,0,0,0,0,0,0,0,0,0,0,0,0,0,0,0,0,0,2
fG8SwAFQFuU,18,Veritasium,education,Do people understand the scale of the universe?,7536443,259163,44547,911,4.029885185889418,0,21,906,8318.369757174392,long,9628616.5,0.782712968161106,Low,47,8,0,0,0,1,0,0,0,0,0,0,0,0,0,0,0,0,0,0,0,0,0,0,0,2
mScpHTIi-kM,18,Veritasium,education,This game theory problem will change the way you see the world,24017837,807039,24676,1639,3.462905506436737,5,17,929,25853.43057050592,long,9628616.5,2.4944224333786686,High,62,12,0,0,0,0,0,0,0,0,0,0,0,0,0,0,0,0,0,0,0,0,0,0,0,2
Q51-gLL_MRM,18,Veritasium,education,How To Earthquake-Proof A House,2353499,78990,2080,1143,3.4446583576198675,1,15,933,2522.5069667738476,long,9628616.5,0.24442753535775363,Low,31,5,0,0,0,0,0,0,0,0,0,0,0,0,0,0,0,0,0,0,0,0,1,0,0,2
FUHkTs-Ipfg,18,Veritasium,education,The SAT Question Everyone Got Wrong,18336050,417799,24471,1105,2.4120244000207243,3,14,952,19260.556722689074,long,9628616.5,1.9043286229127518,Medium,35,6,0,0,0,0,0,0,0,0,0,0,0,0,0,0,1,0,0,0,0,0,0,0,0,2
RQYuyHNLPTQ,18,Veritasium,education,The Surprising Genius of Sewing Machines,14887462,311062,7711,1123,2.1412178919415545,2,21,960,15507.772916666667,long,9628616.5,1.5461683410072464,Medium,40,6,0,0,0,0,0,0,0,0,0,0,0,0,0,0,0,0,0,0,0,0,0,0,0,2
vSQjk9jKarg,18,Veritasium,education,What is the secret of a good life? Lessons from the longest study on happiness,6816734,225080,12485,1406,3.485026700469756,2,22,967,7049.3629782833505,long,9628616.5,0.7079660925326084,Low,78,15,0,0,0,1,0,0,0,0,0,0,0,0,0,0,0,0,0,0,0,0,0,0,1,2
UAeJHAFjwPM,18,Veritasium,education,How Do Night Vision Goggles Work?,8061916,208243,6133,1636,2.659119742750979,5,13,978,8243.267893660532,long,9628616.5,0.8372870598803057,Low,33,6,0,0,0,1,0,0,0,0,0,0,0,0,0,0,0,0,0,0,0,0,1,0,0,2
czjisEGe5Cw,18,Veritasium,education,The Problem With Science Communication,3468029,120995,4522,994,3.619260392574572,1,23,982,3531.5977596741345,long,9628616.5,0.36017936740963774,Low,38,5,0,0,0,0,0,0,0,0,0,0,0,0,0,0,0,0,0,0,0,0,0,0,0,2
lFlu60qs7_4,18,Veritasium,education,How One Line in the Oldest Math Text Hinted at Hidden Universes,17654209,329247,13100,1872,1.9391806225926067,5,16,992,17796.581653225807,very_long,9628616.5,1.8335146072127808,Medium,63,12,0,0,0,0,0,0,0,0,0,0,0,0,0,0,0,0,0,0,0,0,1,0,0,3
QQkmJI63ykI,18,Veritasium,education,The Man Who Killed Millions and Saved Billions (Clean Version),10343846,184581,5226,1244,1.8349751146720474,5,17,1006,10282.153081510934,long,9628616.5,1.0742816478359067,Medium,62,10,0,0,0,0,0,0,0,0,0,0,0,0,0,0,0,0,0,0,0,0,0,0,0,2
Is2Lip1cJUc,18,Veritasium,education,Pushing The Limits Of Extreme Breath-Holding,3947529,124380,4740,1119,3.270906939505701,5,16,1013,3896.869693978282,long,9628616.5,0.40997883756196957,Low,44,6,0,0,0,0,0,0,0,0,0,0,0,1,0,0,0,0,0,0,0,0,0,0,0,2
ILgSesWMUEI,18,Veritasium,education,How Humanity Almost Destroyed Itself,4648237,137570,4863,1006,3.064237042990708,0,17,1032,4504.105620155039,long,9628616.5,0.482752324801803,Low,36,5,0,0,0,0,0,0,0,0,0,0,0,0,0,0,0,0,0,0,0,0,1,0,0,2
8DBhTXM_Br4,18,Veritasium,education,The Insane Math Of Knot Theory,10304365,227669,10055,2121,2.307022315300361,6,13,1040,9908.04326923077,very_long,9628616.5,1.0701812664363566,Medium,30,6,0,0,0,0,0,0,0,0,0,0,0,0,0,0,0,0,0,0,0,0,0,0,0,3
ZjBgEkbnX2I,18,Veritasium,education,Why Airships Might Make A Comeback,5459219,148080,12706,1287,2.945219819904642,3,14,1043,5234.150527325024,long,9628616.5,0.5669785477487861,Low,34,6,0,0,0,0,0,0,0,0,0,0,0,0,0,0,0,0,0,0,0,0,0,1,0,2
FkKPsLxgpuY,18,Veritasium,education,I took an IQ test to explain what's wrong with them,12630512,319257,29670,2069,2.7625720952563126,3,16,1071,11793.195144724557,very_long,9628616.5,1.3117681029252748,Medium,51,11,0,0,0,0,0,0,0,0,0,0,0,0,0,0,0,0,0,0,0,0,0,0,0,3
Xzv84ZdtlE0,18,Veritasium,education,The Man Who Gave us the Power To Destroy Ourselves (Oppenheimer),19073962,458492,16515,1972,2.490342593741143,1,23,1087,17547.34314627415,very_long,9628616.5,1.980966008979587,Medium,64,11,0,0,0,0,0,0,0,0,0,0,0,0,0,0,0,0,0,0,0,0,0,0,0,3
lfkjm2YRG-Q,18,Veritasium,education,The Hidden Science of Fireworks,7037267,185030,5835,1871,2.7122034733086013,4,17,1098,6409.168488160291,very_long,9628616.5,0.7308700060906985,Low,31,5,0,0,0,0,0,0,0,0,0,0,0,0,0,0,0,0,0,0,0,0,0,0,0,3
DxL2HoqLbyA,18,Veritasium,education,The Most Misunderstood Concept in Physics,29283824,712327,26635,1635,2.5234477573693925,5,16,1104,26525.202898550724,long,9628616.5,3.041332469727089,High,41,6,0,0,0,0,0,0,0,0,0,0,0,0,0,0,0,0,0,0,0,0,0,0,0,2
tRaq4aYPzCc,18,Veritasium,education,What happens if you just keep squaring?,10027023,226951,12642,1986,2.3894729273085344,1,13,1129,8881.331266607618,very_long,9628616.5,1.0413773359859124,Medium,39,7,0,0,0,1,0,0,0,0,0,0,0,0,0,0,0,0,0,0,0,0,0,0,1,3
ZMQbHMgK2rw,18,Veritasium,education,The Fastest Maze-Solving Competition On Earth,24109664,402097,8244,1522,1.701977265216139,2,17,1142,21111.789842381786,long,9628616.5,2.503959317519812,Medium,45,6,0,0,0,0,0,0,0,0,0,0,0,0,0,0,0,0,0,0,0,0,0,0,0,2
FU_YFpfDqqA,18,Veritasium,education,Why The First Computers Were Made Out Of Light Bulbs,8390849,243254,7823,1136,2.9922716998005807,5,14,1153,7277.405897658283,long,9628616.5,0.871449080976483,Low,52,10,0,0,0,0,0,0,0,0,0,0,0,0,0,0,0,1,0,0,0,0,0,1,0,2
vSNtifE0Z2Q,18,Veritasium,education,How NASA Reinvented The Wheel,17608901,257845,8132,1534,1.5104690519868333,5,15,1167,15089.032562125107,long,9628616.5,1.8288090506045183,Medium,29,5,0,0,0,0,0,0,0,0,0,0,0,0,0,0,0,0,0,0,0,0,1,0,0,2
rWVAzS5duAs,18,Veritasium,education,Can you float in concrete?,13797312,297237,11563,1443,2.238117105708706,4,17,1182,11672.852791878173,long,9628616.5,1.4329485445806258,Medium,26,5,0,0,0,1,0,0,0,0,0,0,0,0,0,0,0,0,0,0,0,0,0,0,0,2
w7yFikRD_iQ,18,Veritasium,education,The illusion only some can see,3018755,168341,1769,60,5.635104538129129,6,1,1195,2526.154811715481,short,9628616.5,0.31351908137581347,Low,30,6,0,0,0,0,0,0,0,0,0,0,0,0,0,0,0,0,1,0,0,0,0,0,0,0
-UrdExQW0cs,18,Veritasium,education,What makes quantum computers SO powerful?,13200659,359113,11704,1469,2.809079455805956,0,18,1207,10936.751449875725,long,9628616.5,1.3709819058636306,Medium,41,6,0,0,0,1,0,0,0,0,0,0,0,0,0,0,0,0,0,0,0,0,0,0,1,2
g0amdIcZt5I,18,Veritasium,education,World's Strongest Magnet!,16192846,228508,7811,1385,1.4594037391574033,1,16,1213,13349.419620774937,long,9628616.5,1.6817417123218066,Medium,25,3,0,0,0,0,1,0,0,0,0,0,0,0,0,0,0,0,0,0,0,0,0,0,0,2
LCQu8EXiDAA,18,Veritasium,education,The Damaged Chernobyl Reactor,8904875,431441,10382,60,4.961585648310616,1,19,1220,7299.077868852459,short,9628616.5,0.9248343206939439,Low,29,4,0,0,0,0,0,0,0,0,0,0,0,0,0,0,0,0,0,0,0,0,0,0,0,0
LY6xeFpBeMQ,18,Veritasium,education,Microwaving grapes makes plasma,1526870,65084,785,60,4.3139887482234895,5,17,1230,1241.3577235772357,short,9628616.5,0.1585762606704712,Low,31,4,0,0,0,0,0,0,0,0,0,0,0,0,0,0,0,0,0,0,0,0,0,0,0,0
uDeQB9OkoXY,18,Veritasium,education,World's Roundest Object,26317349,883150,9963,34,3.3936282868004675,6,20,1236,21292.35355987055,short,9628616.5,2.7332430365255487,Medium,23,3,0,0,0,0,0,0,0,0,0,0,0,0,0,0,0,0,0,0,0,0,0,0,0,0
XeSu9fBJ2sI,18,Veritasium,education,The Most Controversial Problem in Philosophy,5848683,332617,32910,619,6.249731777222325,5,17,1244,4701.513665594855,long,9628616.5,0.6074271417913467,Low,44,6,0,0,0,0,0,0,0,0,0,0,0,0,0,0,0,0,0,0,0,0,0,0,0,2
Ko02mUWhItA,18,Veritasium,education,Raindrops aren't shaped like raindrops,14352692,733590,4123,50,5.139892920436111,4,19,1252,11463.811501597444,short,9628616.5,1.4906286900096186,Medium,38,5,0,0,0,0,0,0,0,0,0,0,0,0,0,0,0,0,0,0,0,0,0,0,0,0
rmxh8Nty_eo,18,Veritasium,education,The stickiest *non-sticky* material,9248474,326648,2831,23,3.562522855121829,5,16,1258,7351.7281399046105,short,9628616.5,0.9605195097343424,Low,35,4,0,0,0,0,0,0,0,0,0,0,0,0,0,0,0,0,0,0,0,0,0,0,0,0
vS0TuIPoeBs,18,Veritasium,education,The Stickiest *Non-Sticky* Substance,7776837,189129,6391,799,2.51413267373355,0,16,1263,6157.432304038005,long,9628616.5,0.8076795871971846,Low,36,4,0,0,0,0,0,0,0,0,0,0,0,0,0,0,0,0,0,0,0,0,0,0,0,2
Tmy7VYhZEKQ,18,Veritasium,education,The ring on a chain trick,4602753,118343,1884,48,2.612067169365812,2,21,1268,3629.9313880126183,short,9628616.5,0.47802848934735326,Low,25,6,0,0,0,0,0,0,0,0,0,0,0,0,0,0,0,0,0,0,0,0,0,0,0,0
n8WxkqMRgS4,18,Veritasium,education,Falling ladders - why does this happen?,52031175,1448095,49046,28,2.8773922557005487,3,17,1274,40840.796703296706,short,9628616.5,5.403805936190314,High,39,7,0,0,0,1,0,0,0,0,0,0,0,0,0,0,0,0,0,0,0,0,0,0,0,0
P_MSlxczd94,18,Veritasium,education,Indestructible coating?!,11864168,483299,7135,51,4.1337411944942115,5,16,1286,9225.636080870918,short,9628616.5,1.2321778523425457,Medium,24,2,0,0,0,1,1,0,0,0,0,0,0,0,0,0,0,0,0,0,0,0,0,0,0,0
TILjzuBGkRc,18,Veritasium,education,The Science Behind Dogs' Incredible Sense Of Smell,7119191,151458,5713,1308,2.2077087129703363,5,21,1293,5505.948182521269,long,9628616.5,0.7393783935625643,Low,50,8,0,0,0,0,0,0,0,0,0,0,0,0,0,0,0,0,0,0,0,0,0,0,0,2
J_n1FZaKzF8,18,Veritasium,education,The US Military's Worst Idea,15783338,348673,30400,1479,2.4017289625299796,2,17,1296,12178.501543209877,long,9628616.5,1.639211406955506,Medium,28,5,0,0,0,0,0,0,0,0,0,0,0,0,0,1,0,0,0,0,0,0,0,0,0,2
pXoZQsZP2PY,18,Veritasium,education,How To Measure The Tiniest Forces In The Universe,7748027,193565,5174,934,2.5650271998277754,0,15,1305,5937.185440613027,long,9628616.5,0.8046874647048202,Low,49,9,0,0,0,0,0,0,0,0,0,0,0,0,0,0,0,0,0,0,0,0,1,0,0,2
pir_muTzYM8,18,Veritasium,education,Inside The Navy's Indoor Ocean,43558955,449639,8609,1225,1.052017891613791,3,14,1316,33099.509878419456,long,9628616.5,4.5239059007075415,High,30,5,0,0,0,0,0,0,0,0,0,0,0,0,0,0,0,0,0,0,0,0,0,0,0,2
QiVgJPVKRGI,18,Veritasium,education,What’s in a candle flame?,1702575,108324,826,46,6.410877641219917,2,20,1324,1285.9327794561934,short,9628616.5,0.17682446901899146,Low,25,5,0,0,0,1,0,0,0,0,0,0,0,0,0,0,0,0,0,0,0,0,0,0,1,0
esQyYGezS7c,18,Veritasium,education,The world depends on a collection of strange items. They're not cheap,12530596,252761,10737,1112,2.1028369281078088,5,14,1328,9435.689759036144,long,9628616.5,1.30139111885908,Medium,69,12,0,0,0,0,0,0,0,0,0,0,0,0,0,0,0,0,0,0,0,0,0,0,0,2
evUfG3lrk5U,18,Veritasium,education,What if a star explodes near Earth?,13473899,247417,9237,1166,1.9048235406841034,1,14,1332,10115.53978978979,long,9628616.5,1.399359814569414,Medium,35,7,0,0,0,1,0,0,0,0,0,0,0,0,0,0,0,0,0,0,0,0,0,0,1,2
nmgFG7PUHfo,18,Veritasium,education,The Most Important Algorithm Of All Time,10454647,300770,7806,1593,2.951567853032245,3,12,1344,7778.755208333333,long,9628616.5,1.0857891162245377,Low,40,7,0,0,0,0,0,0,0,0,0,0,0,0,0,0,0,0,0,0,0,0,0,0,0,2
NdWFCygzr8k,18,Veritasium,education,Why do we launch rockets from Florida?,4430723,206169,3521,60,4.732636186012982,3,1,1373,3227.037873270211,short,9628616.5,0.4601619557700735,Low,38,7,0,0,0,1,0,0,0,0,0,0,0,0,0,0,0,0,0,0,0,0,0,1,0,0
16Ci_2bN_zc,18,Veritasium,education,How Dangerous is a Penny Dropped From a Skyscraper?,19701177,353897,13618,1361,1.8654469222828665,5,15,1377,14307.318082788672,long,9628616.5,2.0461067277941747,Medium,51,9,0,0,0,1,0,0,0,0,0,0,0,0,0,0,0,0,0,0,0,0,1,0,0,2
daaDuC1kbds,18,Veritasium,education,World's Highest Jumping Robot,14274119,179665,5706,796,1.2986510761189534,2,13,1408,10137.868607954546,long,9628616.5,1.482468327614876,Medium,29,4,0,0,0,0,0,0,0,0,0,0,0,0,0,0,0,0,0,0,0,0,0,0,0,2
5eW6Eagr9XA,18,Veritasium,education,The Expert Myth,15721844,631184,14599,1079,4.107552523737038,1,16,1437,10940.740431454418,long,9628616.5,1.6328248196404955,Medium,15,3,0,0,0,0,0,0,0,0,0,0,0,0,0,0,0,0,0,0,0,0,0,0,0,2
EvknN89JoWo,18,Veritasium,education,The Man Who Killed Millions and Saved Billions,15524789,565674,20187,1355,3.7737131242170188,4,17,1448,10721.539364640885,long,9628616.5,1.612359262620959,Medium,46,8,0,0,0,0,0,0,0,0,0,0,0,0,0,0,0,0,0,0,0,0,0,0,0,2
iSNsgj1OCLA,18,Veritasium,education,The Riddle That Seems Impossible Even If You Know The Answer,18650993,485069,39746,1065,2.8138716260308496,3,12,1470,12687.750340136054,long,9628616.5,1.9370376834512,Medium,60,11,0,0,0,0,0,0,0,0,0,0,0,0,0,0,0,0,0,0,0,0,0,0,0,2
6etTERFUlUI,18,Veritasium,education,The Absurd Search For Dark Matter,11052115,288213,15478,992,2.747808903544706,3,12,1498,7377.91388518024,long,9628616.5,1.1478403984622298,Low,33,6,0,0,0,0,0,0,0,0,0,0,0,0,0,0,0,0,0,0,0,0,0,0,0,2
Q1bSDnuIPbo,18,Veritasium,education,How did they actually take this picture? (Very Long Baseline Interferometry),7951600,230618,10203,1187,3.0285854419236378,3,14,1519,5234.7597103357475,long,9628616.5,0.8258299621757705,Low,76,11,0,0,0,1,0,0,0,0,0,0,0,0,0,0,0,0,0,0,0,0,1,0,0,2
oI_X2cMHNe0,18,Veritasium,education,How Electricity Actually Works,12394084,382358,24737,1471,3.2845912614437665,4,13,1532,8090.133159268929,long,9628616.5,1.2872133810708943,Low,30,4,0,0,0,0,0,0,0,0,0,0,0,0,0,0,0,0,0,0,0,0,1,0,0,2
IV3dnLzthDA,18,Veritasium,education,The Man Who Accidentally Killed The Most People In History,42604602,939012,46489,1497,2.313132745612786,4,15,1539,27683.302144249512,long,9628616.5,4.424789584256471,High,58,10,0,0,0,0,0,0,0,0,0,0,0,0,0,0,0,0,0,0,0,0,0,0,0,2
7ziWrneMYss,18,Veritasium,education,How Horses Save Humans From Snakebites,15236880,231591,8137,966,1.5733404739027939,1,11,1570,9705.019108280254,long,9628616.5,1.5824578743997126,Medium,38,6,0,0,0,0,0,0,0,0,0,0,0,0,0,0,0,0,0,0,0,0,1,0,0,2
GVsUOuSjvcg,18,Veritasium,education,Future Computers Will Be Radically Different (Analog Computing),12952407,364435,14153,1302,2.922916180753122,1,11,1591,8141.047768698932,long,9628616.5,1.3451991778881214,Low,63,8,0,0,0,0,0,0,0,0,0,0,0,0,0,0,0,0,0,0,0,0,0,0,0,2
IgF3OX8nT0w,18,Veritasium,education,The Most Powerful Computers You've Never Heard Of,13054473,380844,10628,1213,2.998757590597491,1,19,1661,7859.405779650813,long,9628616.5,1.3557994546776269,Low,49,8,0,0,0,0,0,0,0,0,0,0,0,0,0,0,0,0,0,1,0,0,0,0,0,2
ao2Jfm35XeE,18,Veritasium,education,The Snowflake Myth,10480302,320781,11298,1129,3.168601439157001,2,7,1681,6234.563950029744,long,9628616.5,1.0884535696275783,Low,18,3,0,0,0,0,0,0,0,0,0,0,0,0,0,0,0,0,0,0,0,0,0,0,0,2
9cNmUNHSBac,18,Veritasium,education,Most People Don't Know How Bikes Work,24296593,549132,24808,682,2.3622242015578068,6,15,1684,14427.905581947743,long,9628616.5,2.523373217741095,Medium,37,7,0,0,0,0,0,0,0,0,0,0,0,0,0,0,0,0,0,0,0,0,0,0,0,2
bHIhgxav9LY,18,Veritasium,education,The Biggest Misconception About Electricity,27598732,725966,83810,888,2.934105813267073,4,18,1693,16301.67277023036,long,9628616.5,2.8663237340483962,Medium,43,5,0,0,0,0,0,0,0,0,0,0,0,0,0,0,0,0,0,0,0,0,0,0,0,2
cUzklzVXJwo,18,Veritasium,education,How Imaginary Numbers Were Invented,22179498,711867,26294,1409,3.3281231162220175,0,6,1711,12962.88603156049,long,9628616.5,2.303497911667787,Medium,35,5,0,0,0,0,0,0,0,0,0,0,0,0,0,0,0,0,0,0,0,0,1,0,0,2
q-_7y0WUnW4,18,Veritasium,education,I Rented A Helicopter To Settle A Physics Debate,8153885,267541,15093,779,3.466249523999909,2,14,1716,4751.681235431235,long,9628616.5,0.8468386917268955,Low,48,9,0,0,0,0,0,0,0,0,0,0,0,0,0,0,0,0,0,0,0,0,0,0,0,2
H1_OpWiyijU,18,Veritasium,education,"A Robot That Walks, Flies, Skateboards, Slacklines",3827742,106977,7479,647,2.990170183883867,5,14,1727,2216.4111175448757,long,9628616.5,0.39753810944698026,Low,50,7,0,0,0,0,0,0,0,0,0,0,0,0,0,0,0,0,0,0,0,0,0,0,0,2
KT18KJouHWg,18,Veritasium,education,How They Caught The Golden State Killer,9940939,315214,22466,1632,3.3968622078859956,3,16,1743,5703.349971313827,long,9628616.5,1.0324369030587104,Low,39,7,0,0,0,0,0,0,0,0,0,0,0,0,0,0,0,0,0,0,0,0,1,0,0,2
aFPJf-wKTd0,18,Veritasium,education,How Hidden Technology Transformed Bowling,18923471,291757,9616,1681,1.5925883787387634,5,12,1748,10825.784324942791,long,9628616.5,1.9653364530615587,Medium,41,5,0,0,0,0,0,0,0,0,0,0,0,0,0,0,0,0,0,0,0,0,1,0,0,2
f-Nr2z5X7Rs,18,Veritasium,education,Why Scorpions Glow in the Dark,2287808,99494,3684,571,4.509906425714045,4,15,1770,1292.5468926553672,medium,9628616.5,0.23760505987542446,Low,30,6,0,0,0,0,0,0,0,0,0,0,0,0,0,0,0,0,0,0,0,0,0,1,0,1
AaZ_RSt0KP8,18,Veritasium,education,The Universe is Hostile to Computers,25910924,713904,35481,1383,2.892158535141394,1,16,1773,14614.170332769318,long,9628616.5,2.6910329225387675,Medium,36,6,0,0,0,0,0,0,0,0,0,0,0,0,0,0,0,0,0,0,0,0,0,0,0,2
S2xHZPH5Sng,18,Veritasium,education,Clickbait is Unreasonably Effective,8279648,370620,23455,1165,4.759562242259574,1,11,1787,4633.266927811976,long,9628616.5,0.8599000697556082,Low,35,4,0,0,0,0,0,0,0,0,0,0,0,0,0,0,0,0,0,0,0,0,0,0,0,2
kz165f1g8-E,18,Veritasium,education,The Genius of 3D Printed Rockets,13116325,221986,12953,1198,1.7911953233851707,3,15,1792,7319.377790178572,long,9628616.5,1.3622232228274955,Low,32,6,1,0,0,0,0,0,0,0,0,0,0,0,0,0,0,0,0,0,0,0,0,0,0,2
094y1Z2wpJg,18,Veritasium,education,The Simplest Math Problem No One Can Solve - Collatz Conjecture,45922020,942956,81448,1329,2.2307468181931025,4,14,1805,25441.562326869807,long,9628616.5,4.769326932898408,High,63,11,0,0,0,0,0,0,0,0,0,0,0,0,0,0,0,0,0,0,0,0,0,0,0,2
yjztvddhZmI,18,Veritasium,education,Why You Should Want Driverless Cars On Roads Now,3526879,173298,29476,1088,5.749389190839834,4,13,1812,1946.4012141280352,long,9628616.5,0.3662913566035162,Low,48,9,0,0,0,0,0,0,0,0,0,0,0,0,0,0,0,0,0,0,0,0,0,1,0,2
k5s1cMNTmGs,18,Veritasium,education,How a slinky falls in slow motion #shorts,36556754,1558493,10803,42,4.2927662559974555,0,20,1816,20130.37114537445,short,9628616.5,3.7966777470055018,Medium,41,8,0,0,0,0,0,0,0,0,0,0,0,0,0,0,0,0,0,0,0,0,1,0,0,0
rhgwIhB58PA,18,Veritasium,education,The Biggest Myth In Education,15381947,545268,37055,867,3.7857561204703147,4,14,1826,8423.84830230011,long,9628616.5,1.5975241095125141,Medium,29,5,0,0,0,0,0,0,0,0,0,0,0,0,0,0,0,0,0,0,0,0,0,0,0,2
